airline_iata,airline_icao,flight_iata,flight_icao,flight_number,dep_iata,departure_airport,dep_terminal,dep_gate,dep_time,dep_time_utc,dep_estimated,dep_estimated_utc,dep_actual,dep_actual_utc,arr_iata,arrival_airport,arr_terminal,arr_gate,arr_baggage,arr_time,arr_time_utc,arr_estimated,arr_estimated_utc,arr_actual,arr_actual_utc,cs_airline_iata,cs_flight_number,cs_flight_iata,status,duration,delayed,dep_delayed,arr_delayed,aircraft_icao,arr_time_ts,dep_time_ts,arr_estimated_ts,dep_estimated_ts,arr_actual_ts,dep_actual_ts,departure_delay,delay_category,departure_terminal,arrival_terminal
AC,ACA,AC5453,ACA5453,5453,DEN,KDEN,,B46,2025-04-25 20:45,2025-04-26 02:45,2025-04-25 23:30,2025-04-26 05:30,2025-04-25 23:30,2025-04-26 05:30,OMA,KOMA,,B14,,2025-04-25 23:15,2025-04-26 04:15,2025-04-26 01:50,2025-04-26 06:50,2025-04-26 01:50,2025-04-26 06:50,UA,445,UA445,landed,90,155,165.0,155.0,,1745640900,1745635500,1745650200.0,1745645400.0,1745650200.0,1745645400.0,165,Long Delay,Unknown,Unknown
WN,SWA,WN4309,SWA4309,4309,DEN,KDEN,,,2025-04-25 20:15,2025-04-26 02:15,2025-04-25 23:30,2025-04-26 05:30,2025-04-25 23:30,2025-04-26 05:30,MSP,KMSP,2,,,2025-04-25 23:10,2025-04-26 04:10,2025-04-26 02:19,2025-04-26 07:19,2025-04-26 02:19,2025-04-26 07:19,,,,landed,115,189,195.0,189.0,,1745640600,1745633700,1745651940.0,1745645400.0,1745651940.0,1745645400.0,195,Long Delay,Unknown,2
PC,PGT,PC2770,PGT2770,2770,SAW,LTFJ,,410,2025-04-26 06:40,2025-04-26 03:40,2025-04-26 08:30,2025-04-26 05:30,2025-04-26 08:30,2025-04-26 05:30,RZV,LTFO,,,,2025-04-26 08:30,2025-04-26 05:30,2025-04-26 10:20,2025-04-26 07:20,,,,,,active,110,110,110.0,110.0,A21N,1745645400,1745638800,1745652000.0,1745645400.0,,1745645400.0,110,Long Delay,Unknown,Unknown
CM,CMP,CM1112,CMP1112,1112,DEN,KDEN,,B46,2025-04-25 20:45,2025-04-26 02:45,2025-04-25 23:30,2025-04-26 05:30,2025-04-25 23:30,2025-04-26 05:30,OMA,KOMA,,B14,,2025-04-25 23:15,2025-04-26 04:15,2025-04-26 01:50,2025-04-26 06:50,2025-04-26 01:50,2025-04-26 06:50,UA,445,UA445,landed,90,155,165.0,155.0,,1745640900,1745635500,1745650200.0,1745645400.0,1745650200.0,1745645400.0,165,Long Delay,Unknown,Unknown
UA,UAL,UA445,UAL445,445,DEN,KDEN,,B46,2025-04-25 20:45,2025-04-26 02:45,2025-04-25 23:30,2025-04-26 05:30,2025-04-25 23:30,2025-04-26 05:30,OMA,KOMA,,B14,,2025-04-25 23:15,2025-04-26 04:15,2025-04-26 01:50,2025-04-26 06:50,2025-04-26 01:50,2025-04-26 06:50,,,,landed,90,155,165.0,155.0,,1745640900,1745635500,1745650200.0,1745645400.0,1745650200.0,1745645400.0,165,Long Delay,Unknown,Unknown
AV,AVA,AV198,AVA198,198,GIG,SBGL,2,C69,2025-04-26 01:30,2025-04-26 04:30,2025-04-26 02:31,2025-04-26 05:31,2025-04-26 02:31,2025-04-26 05:31,BOG,SKBO,1,,,2025-04-26 05:54,2025-04-26 10:54,2025-04-26 07:09,2025-04-26 12:09,,,,,,active,384,75,61.0,75.0,A20N,1745664840,1745641800,1745669340.0,1745645460.0,,1745645460.0,61,Long Delay,2,1
G3,GLO,G35839,GLO5839,5839,GIG,SBGL,2,C69,2025-04-26 01:30,2025-04-26 04:30,2025-04-26 02:31,2025-04-26 05:31,2025-04-26 02:31,2025-04-26 05:31,BOG,SKBO,1,,,2025-04-26 05:54,2025-04-26 10:54,2025-04-26 07:09,2025-04-26 12:09,,,AV,198,AV198,active,384,75,61.0,75.0,,1745664840,1745641800,1745669340.0,1745645460.0,,1745645460.0,61,Long Delay,2,1
WN,SWA,WN4197,SWA4197,4197,LAS,KLAS,1,C11,2025-04-25 20:45,2025-04-26 03:45,2025-04-25 22:32,2025-04-26 05:32,2025-04-25 22:32,2025-04-26 05:32,BUR,KBUR,,,,2025-04-25 21:55,2025-04-26 04:55,2025-04-25 23:35,2025-04-26 06:35,2025-04-25 23:35,2025-04-26 06:35,,,,landed,70,100,107.0,100.0,,1745643300,1745639100,1745649300.0,1745645520.0,1745649300.0,1745645520.0,107,Long Delay,1,Unknown
AY,FIN,AY5048,FIN5048,5048,WLG,NZWN,,,2025-04-26 15:55,2025-04-26 03:55,2025-04-26 17:33,2025-04-26 05:33,2025-04-26 17:33,2025-04-26 05:33,SYD,YSSY,1,63,9,2025-04-26 17:35,2025-04-26 07:35,2025-04-26 18:43,2025-04-26 08:43,,,QF,164,QF164,active,220,68,98.0,68.0,,1745652900,1745639700,1745656980.0,1745645580.0,,1745645580.0,98,Long Delay,Unknown,1
AS,ASA,AS5020,ASA5020,5020,WLG,NZWN,,,2025-04-26 15:55,2025-04-26 03:55,2025-04-26 17:33,2025-04-26 05:33,2025-04-26 17:33,2025-04-26 05:33,SYD,YSSY,1,63,9,2025-04-26 17:35,2025-04-26 07:35,2025-04-26 18:43,2025-04-26 08:43,,,QF,164,QF164,active,220,68,98.0,68.0,,1745652900,1745639700,1745656980.0,1745645580.0,,1745645580.0,98,Long Delay,Unknown,1
MU,CES,MU4074,CES4074,4074,WLG,NZWN,,,2025-04-26 15:55,2025-04-26 03:55,2025-04-26 17:33,2025-04-26 05:33,2025-04-26 17:33,2025-04-26 05:33,SYD,YSSY,1,63,9,2025-04-26 17:35,2025-04-26 07:35,2025-04-26 18:43,2025-04-26 08:43,,,QF,164,QF164,active,220,68,98.0,68.0,,1745652900,1745639700,1745656980.0,1745645580.0,,1745645580.0,98,Long Delay,Unknown,1
QF,QFA,QF164,QFA164,164,WLG,NZWN,,,2025-04-26 15:55,2025-04-26 03:55,2025-04-26 17:33,2025-04-26 05:33,2025-04-26 17:33,2025-04-26 05:33,SYD,YSSY,1,63,9,2025-04-26 17:35,2025-04-26 07:35,2025-04-26 18:43,2025-04-26 08:43,,,,,,active,220,68,98.0,68.0,,1745652900,1745639700,1745656980.0,1745645580.0,,1745645580.0,98,Long Delay,Unknown,1
EK,UAE,EK5048,UAE5048,5048,WLG,NZWN,,,2025-04-26 15:55,2025-04-26 03:55,2025-04-26 17:33,2025-04-26 05:33,2025-04-26 17:33,2025-04-26 05:33,SYD,YSSY,1,63,9,2025-04-26 17:35,2025-04-26 07:35,2025-04-26 18:43,2025-04-26 08:43,,,QF,164,QF164,active,220,68,98.0,68.0,,1745652900,1745639700,1745656980.0,1745645580.0,,1745645580.0,98,Long Delay,Unknown,1
BA,BAW,BA7487,BAW7487,7487,WLG,NZWN,,,2025-04-26 15:55,2025-04-26 03:55,2025-04-26 17:33,2025-04-26 05:33,2025-04-26 17:33,2025-04-26 05:33,SYD,YSSY,1,63,9,2025-04-26 17:35,2025-04-26 07:35,2025-04-26 18:43,2025-04-26 08:43,,,QF,164,QF164,active,220,68,98.0,68.0,,1745652900,1745639700,1745656980.0,1745645580.0,,1745645580.0,98,Long Delay,Unknown,1
CI,CAL,CI8656,CAL8656,8656,WLG,NZWN,,,2025-04-26 15:55,2025-04-26 03:55,2025-04-26 17:33,2025-04-26 05:33,2025-04-26 17:33,2025-04-26 05:33,SYD,YSSY,1,63,9,2025-04-26 17:35,2025-04-26 07:35,2025-04-26 18:43,2025-04-26 08:43,,,QF,164,QF164,active,220,68,98.0,68.0,,1745652900,1745639700,1745656980.0,1745645580.0,,1745645580.0,98,Long Delay,Unknown,1
SC,CDG,SC5408,CDG5408,5408,PEK,ZBAA,3,,2025-04-26 12:30,2025-04-26 04:30,2025-04-26 13:35,2025-04-26 05:35,2025-04-26 13:35,2025-04-26 05:35,SHA,ZSSS,2,,22,2025-04-26 14:45,2025-04-26 06:45,,,,,CA,1533,CA1533,active,135,65,65.0,,,1745649900,1745641800,,1745645700.0,,1745645700.0,65,Long Delay,3,2
VJ,VJC,VJ492,VJC492,492,BMV,VVBM,,,2025-04-26 10:55,2025-04-26 03:55,2025-04-26 12:35,2025-04-26 05:35,2025-04-26 12:35,2025-04-26 05:35,HAN,VVNB,T1,,,2025-04-26 12:40,2025-04-26 05:40,2025-04-26 14:09,2025-04-26 07:09,2025-04-26 14:09,2025-04-26 07:09,,,,landed,105,89,,89.0,,1745646000,1745639700,1745651340.0,1745645700.0,1745651340.0,1745645700.0,100,Long Delay,Unknown,T1
ZH,CSZ,ZH1533,CSZ1533,1533,PEK,ZBAA,3,,2025-04-26 12:30,2025-04-26 04:30,2025-04-26 13:35,2025-04-26 05:35,2025-04-26 13:35,2025-04-26 05:35,SHA,ZSSS,2,,22,2025-04-26 14:45,2025-04-26 06:45,,,,,CA,1533,CA1533,active,135,65,65.0,,,1745649900,1745641800,,1745645700.0,,1745645700.0,65,Long Delay,3,2
VJ,VJC,VJ654,VJC654,654,SGN,VVTS,1,,2025-04-26 10:25,2025-04-26 03:25,2025-04-26 12:35,2025-04-26 05:35,2025-04-26 12:35,2025-04-26 05:35,DAD,VVDN,1,,,2025-04-26 11:50,2025-04-26 04:50,2025-04-26 13:35,2025-04-26 06:35,2025-04-26 13:35,2025-04-26 06:35,,,,landed,85,105,,105.0,,1745643000,1745637900,1745649300.0,1745645700.0,1745649300.0,1745645700.0,130,Long Delay,1,1
G3,GLO,G35824,GLO5824,5824,BOG,SKBO,1,A10,2025-04-25 23:30,2025-04-26 04:30,2025-04-26 00:35,2025-04-26 05:35,2025-04-26 00:35,2025-04-26 05:35,MEX,MMMX,1,,,2025-04-26 03:05,2025-04-26 09:05,2025-04-26 04:16,2025-04-26 10:16,,,AV,44,AV44,active,275,71,65.0,71.0,,1745658300,1745641800,1745662560.0,1745645700.0,,1745645700.0,65,Long Delay,1,1
CA,CCA,CA1533,CCA1533,1533,PEK,ZBAA,3,,2025-04-26 12:30,2025-04-26 04:30,2025-04-26 13:35,2025-04-26 05:35,2025-04-26 13:35,2025-04-26 05:35,SHA,ZSSS,2,,22,2025-04-26 14:45,2025-04-26 06:45,,,,,,,,active,135,65,65.0,,B77W,1745649900,1745641800,,1745645700.0,,1745645700.0,65,Long Delay,3,2
AV,AVA,AV44,AVA44,44,BOG,SKBO,1,A10,2025-04-25 23:30,2025-04-26 04:30,2025-04-26 00:35,2025-04-26 05:35,2025-04-26 00:35,2025-04-26 05:35,MEX,MMMX,1,,,2025-04-26 03:05,2025-04-26 09:05,2025-04-26 04:16,2025-04-26 10:16,,,,,,active,275,71,65.0,71.0,A320,1745658300,1745641800,1745662560.0,1745645700.0,,1745645700.0,65,Long Delay,1,1
AV,AVA,AV2103,AVA2103,2103,SFO,KSFO,3,F6,2025-04-25 21:30,2025-04-26 04:30,2025-04-25 22:36,2025-04-26 05:36,2025-04-25 22:36,2025-04-26 05:36,SBP,KSBP,,,,2025-04-25 22:45,2025-04-26 05:45,2025-04-25 23:45,2025-04-26 06:45,2025-04-25 23:45,2025-04-26 06:45,OO,5446,OO5446,landed,75,60,66.0,60.0,,1745646300,1745641800,1745649900.0,1745645760.0,1745649900.0,1745645760.0,66,Long Delay,3,Unknown
JX,SJX,JX7023,SJX7023,7023,PDX,KPDX,,C5,2025-04-25 20:45,2025-04-26 03:45,2025-04-25 22:36,2025-04-26 05:36,2025-04-25 22:36,2025-04-26 05:36,SEA,KSEA,,C16,12,2025-04-25 21:39,2025-04-26 04:39,2025-04-25 23:18,2025-04-26 06:18,2025-04-25 23:18,2025-04-26 06:18,QX,2320,QX2320,landed,54,99,111.0,99.0,,1745642340,1745639100,1745648280.0,1745645760.0,1745648280.0,1745645760.0,111,Long Delay,Unknown,Unknown
TN,THT,TN2641,THT2641,2641,PDX,KPDX,,C5,2025-04-25 20:45,2025-04-26 03:45,2025-04-25 22:36,2025-04-26 05:36,2025-04-25 22:36,2025-04-26 05:36,SEA,KSEA,,C16,12,2025-04-25 21:39,2025-04-26 04:39,2025-04-25 23:18,2025-04-26 06:18,2025-04-25 23:18,2025-04-26 06:18,QX,2320,QX2320,landed,54,99,111.0,99.0,,1745642340,1745639100,1745648280.0,1745645760.0,1745648280.0,1745645760.0,111,Long Delay,Unknown,Unknown
LH,DLH,LH9388,DLH9388,9388,SFO,KSFO,3,F6,2025-04-25 21:30,2025-04-26 04:30,2025-04-25 22:36,2025-04-26 05:36,2025-04-25 22:36,2025-04-26 05:36,SBP,KSBP,,,,2025-04-25 22:45,2025-04-26 05:45,2025-04-25 23:45,2025-04-26 06:45,2025-04-25 23:45,2025-04-26 06:45,OO,5446,OO5446,landed,75,60,66.0,60.0,,1745646300,1745641800,1745649900.0,1745645760.0,1745649900.0,1745645760.0,66,Long Delay,3,Unknown
JT,LNI,JT138,LNI138,138,KNO,WIMM,,,2025-04-26 10:20,2025-04-26 03:20,2025-04-26 12:36,2025-04-26 05:36,2025-04-26 12:36,2025-04-26 05:36,PEN,WMKP,,,,2025-04-26 12:10,2025-04-26 04:10,2025-04-26 14:15,2025-04-26 06:15,2025-04-26 14:15,2025-04-26 06:15,,,,landed,50,125,,125.0,,1745640600,1745637600,1745648100.0,1745645760.0,1745648100.0,1745645760.0,136,Long Delay,Unknown,Unknown
W6,WZZ,W61315,WZZ1315,1315,WAW,EPWA,,,2025-04-26 06:20,2025-04-26 04:20,2025-04-26 07:36,2025-04-26 05:36,2025-04-26 07:36,2025-04-26 05:36,LBA,EGNM,2,,,2025-04-26 08:00,2025-04-26 07:00,2025-04-26 09:00,2025-04-26 08:00,,,,,,active,160,60,76.0,60.0,,1745650800,1745641200,1745654400.0,1745645760.0,,1745645760.0,76,Long Delay,Unknown,2
BA,BAW,BA2990,BAW2990,2990,PDX,KPDX,,C5,2025-04-25 20:45,2025-04-26 03:45,2025-04-25 22:36,2025-04-26 05:36,2025-04-25 22:36,2025-04-26 05:36,SEA,KSEA,,C16,12,2025-04-25 21:39,2025-04-26 04:39,2025-04-25 23:18,2025-04-26 06:18,2025-04-25 23:18,2025-04-26 06:18,QX,2320,QX2320,landed,54,99,111.0,99.0,,1745642340,1745639100,1745648280.0,1745645760.0,1745648280.0,1745645760.0,111,Long Delay,Unknown,Unknown
CM,CMP,CM1471,CMP1471,1471,SFO,KSFO,3,F6,2025-04-25 21:30,2025-04-26 04:30,2025-04-25 22:36,2025-04-26 05:36,2025-04-25 22:36,2025-04-26 05:36,SBP,KSBP,,,,2025-04-25 22:45,2025-04-26 05:45,2025-04-25 23:45,2025-04-26 06:45,2025-04-25 23:45,2025-04-26 06:45,OO,5446,OO5446,landed,75,60,66.0,60.0,,1745646300,1745641800,1745649900.0,1745645760.0,1745649900.0,1745645760.0,66,Long Delay,3,Unknown
QX,QXE,QX2320,QXE2320,2320,PDX,KPDX,,C5,2025-04-25 20:45,2025-04-26 03:45,2025-04-25 22:36,2025-04-26 05:36,2025-04-25 22:36,2025-04-26 05:36,SEA,KSEA,,C16,12,2025-04-25 21:39,2025-04-26 04:39,2025-04-25 23:18,2025-04-26 06:18,2025-04-25 23:18,2025-04-26 06:18,,,,landed,54,99,111.0,99.0,,1745642340,1745639100,1745648280.0,1745645760.0,1745648280.0,1745645760.0,111,Long Delay,Unknown,Unknown
UA,UAL,UA5446,UAL5446,5446,SFO,KSFO,3,F6,2025-04-25 21:30,2025-04-26 04:30,2025-04-25 22:36,2025-04-26 05:36,2025-04-25 22:36,2025-04-26 05:36,SBP,KSBP,,,,2025-04-25 22:45,2025-04-26 05:45,2025-04-25 23:45,2025-04-26 06:45,2025-04-25 23:45,2025-04-26 06:45,OO,5446,OO5446,landed,75,60,66.0,60.0,,1745646300,1745641800,1745649900.0,1745645760.0,1745649900.0,1745645760.0,66,Long Delay,3,Unknown
HA,HAL,HA6399,HAL6399,6399,PDX,KPDX,,C5,2025-04-25 20:45,2025-04-26 03:45,2025-04-25 22:36,2025-04-26 05:36,2025-04-25 22:36,2025-04-26 05:36,SEA,KSEA,,C16,12,2025-04-25 21:39,2025-04-26 04:39,2025-04-25 23:18,2025-04-26 06:18,2025-04-25 23:18,2025-04-26 06:18,QX,2320,QX2320,landed,54,99,111.0,99.0,,1745642340,1745639100,1745648280.0,1745645760.0,1745648280.0,1745645760.0,111,Long Delay,Unknown,Unknown
AS,ASA,AS2320,ASA2320,2320,PDX,KPDX,,C5,2025-04-25 20:45,2025-04-26 03:45,2025-04-25 22:36,2025-04-26 05:36,2025-04-25 22:36,2025-04-26 05:36,SEA,KSEA,,C16,12,2025-04-25 21:39,2025-04-26 04:39,2025-04-25 23:18,2025-04-26 06:18,2025-04-25 23:18,2025-04-26 06:18,QX,2320,QX2320,landed,54,99,111.0,99.0,,1745642340,1745639100,1745648280.0,1745645760.0,1745648280.0,1745645760.0,111,Long Delay,Unknown,Unknown
OO,SKW,OO5446,SKW5446,5446,SFO,KSFO,3,F6,2025-04-25 21:30,2025-04-26 04:30,2025-04-25 22:36,2025-04-26 05:36,2025-04-25 22:36,2025-04-26 05:36,SBP,KSBP,,,,2025-04-25 22:45,2025-04-26 05:45,2025-04-25 23:45,2025-04-26 06:45,2025-04-25 23:45,2025-04-26 06:45,,,,landed,75,60,66.0,60.0,,1745646300,1745641800,1745649900.0,1745645760.0,1745649900.0,1745645760.0,66,Long Delay,3,Unknown
DL,DAL,DL793,DAL793,793,ATL,KATL,S,B25,2025-04-25 22:55,2025-04-26 02:55,2025-04-26 01:37,2025-04-26 05:37,2025-04-26 01:37,2025-04-26 05:37,LAS,KLAS,1,D39,,2025-04-26 00:22,2025-04-26 07:22,2025-04-26 02:50,2025-04-26 09:50,,,,,,active,267,148,162.0,148.0,A321,1745652120,1745636100,1745661000.0,1745645820.0,,1745645820.0,162,Long Delay,S,1
LA,LAN,LA6174,LAN6174,6174,ATL,KATL,S,B25,2025-04-25 22:55,2025-04-26 02:55,2025-04-26 01:37,2025-04-26 05:37,2025-04-26 01:37,2025-04-26 05:37,LAS,KLAS,1,D39,,2025-04-26 00:22,2025-04-26 07:22,2025-04-26 02:50,2025-04-26 09:50,,,DL,793,DL793,active,267,148,162.0,148.0,,1745652120,1745636100,1745661000.0,1745645820.0,,1745645820.0,162,Long Delay,S,1
VS,VIR,VS5029,VIR5029,5029,ATL,KATL,S,B25,2025-04-25 22:55,2025-04-26 02:55,2025-04-26 01:37,2025-04-26 05:37,2025-04-26 01:37,2025-04-26 05:37,LAS,KLAS,1,D39,,2025-04-26 00:22,2025-04-26 07:22,2025-04-26 02:50,2025-04-26 09:50,,,DL,793,DL793,active,267,148,162.0,148.0,,1745652120,1745636100,1745661000.0,1745645820.0,,1745645820.0,162,Long Delay,S,1
AM,AMX,AM3576,AMX3576,3576,ATL,KATL,S,B25,2025-04-25 22:55,2025-04-26 02:55,2025-04-26 01:37,2025-04-26 05:37,2025-04-26 01:37,2025-04-26 05:37,LAS,KLAS,1,D39,,2025-04-26 00:22,2025-04-26 07:22,2025-04-26 02:50,2025-04-26 09:50,,,DL,793,DL793,active,267,148,162.0,148.0,,1745652120,1745636100,1745661000.0,1745645820.0,,1745645820.0,162,Long Delay,S,1
TN,THT,TN2634,THT2634,2634,LAX,KLAX,6,63A,2025-04-25 21:45,2025-04-26 04:45,2025-04-25 22:38,2025-04-26 05:38,2025-04-25 22:38,2025-04-26 05:38,SFO,KSFO,1,B7,CL-B6,2025-04-25 23:14,2025-04-26 06:14,2025-04-26 00:21,2025-04-26 07:21,2025-04-26 00:21,2025-04-26 07:21,OO,3109,OO3109,landed,89,67,53.0,67.0,,1745648040,1745642700,1745652060.0,1745645880.0,1745652060.0,1745645880.0,53,Long Delay,6,1
AS,ASA,AS3109,ASA3109,3109,LAX,KLAX,6,63A,2025-04-25 21:45,2025-04-26 04:45,2025-04-25 22:38,2025-04-26 05:38,2025-04-25 22:38,2025-04-26 05:38,SFO,KSFO,1,B7,CL-B6,2025-04-25 23:14,2025-04-26 06:14,2025-04-26 00:21,2025-04-26 07:21,2025-04-26 00:21,2025-04-26 07:21,OO,3109,OO3109,landed,89,67,53.0,67.0,,1745648040,1745642700,1745652060.0,1745645880.0,1745652060.0,1745645880.0,53,Long Delay,6,1
QR,QTR,QR8818,QTR8818,8818,LAX,KLAX,6,63A,2025-04-25 21:45,2025-04-26 04:45,2025-04-25 22:38,2025-04-26 05:38,2025-04-25 22:38,2025-04-26 05:38,SFO,KSFO,1,B7,CL-B6,2025-04-25 23:14,2025-04-26 06:14,2025-04-26 00:21,2025-04-26 07:21,2025-04-26 00:21,2025-04-26 07:21,OO,3109,OO3109,landed,89,67,53.0,67.0,,1745648040,1745642700,1745652060.0,1745645880.0,1745652060.0,1745645880.0,53,Long Delay,6,1
OO,SKW,OO3109,SKW3109,3109,LAX,KLAX,6,63A,2025-04-25 21:45,2025-04-26 04:45,2025-04-25 22:38,2025-04-26 05:38,2025-04-25 22:38,2025-04-26 05:38,SFO,KSFO,1,B7,CL-B6,2025-04-25 23:14,2025-04-26 06:14,2025-04-26 00:21,2025-04-26 07:21,2025-04-26 00:21,2025-04-26 07:21,,,,landed,89,67,53.0,67.0,,1745648040,1745642700,1745652060.0,1745645880.0,1745652060.0,1745645880.0,53,Long Delay,6,1
SQ,SIA,SQ1363,SIA1363,1363,LAX,KLAX,6,63A,2025-04-25 21:45,2025-04-26 04:45,2025-04-25 22:38,2025-04-26 05:38,2025-04-25 22:38,2025-04-26 05:38,SFO,KSFO,1,B7,CL-B6,2025-04-25 23:14,2025-04-26 06:14,2025-04-26 00:21,2025-04-26 07:21,2025-04-26 00:21,2025-04-26 07:21,OO,3109,OO3109,landed,89,67,53.0,67.0,,1745648040,1745642700,1745652060.0,1745645880.0,1745652060.0,1745645880.0,53,Long Delay,6,1
IB,IBE,IB7269,IBE7269,7269,LAX,KLAX,6,63A,2025-04-25 21:45,2025-04-26 04:45,2025-04-25 22:38,2025-04-26 05:38,2025-04-25 22:38,2025-04-26 05:38,SFO,KSFO,1,B7,CL-B6,2025-04-25 23:14,2025-04-26 06:14,2025-04-26 00:21,2025-04-26 07:21,2025-04-26 00:21,2025-04-26 07:21,OO,3109,OO3109,landed,89,67,53.0,67.0,,1745648040,1745642700,1745652060.0,1745645880.0,1745652060.0,1745645880.0,53,Long Delay,6,1
HA,HAL,HA4937,HAL4937,4937,LAX,KLAX,6,63A,2025-04-25 21:45,2025-04-26 04:45,2025-04-25 22:38,2025-04-26 05:38,2025-04-25 22:38,2025-04-26 05:38,SFO,KSFO,1,B7,CL-B6,2025-04-25 23:14,2025-04-26 06:14,2025-04-26 00:21,2025-04-26 07:21,2025-04-26 00:21,2025-04-26 07:21,OO,3109,OO3109,landed,89,67,53.0,67.0,,1745648040,1745642700,1745652060.0,1745645880.0,1745652060.0,1745645880.0,53,Long Delay,6,1
AS,ASA,AS3413,ASA3413,3413,PHX,KPHX,3,E4,2025-04-25 19:59,2025-04-26 02:59,2025-04-25 22:39,2025-04-26 05:39,2025-04-25 22:39,2025-04-26 05:39,BOI,KBOI,,C6,,2025-04-25 23:15,2025-04-26 05:15,2025-04-26 01:41,2025-04-26 07:41,,,OO,3413,OO3413,active,136,146,160.0,146.0,E170,1745644500,1745636340,1745653260.0,1745645940.0,,1745645940.0,160,Long Delay,3,Unknown
AA,AAL,AA4964,AAL4964,4964,ORD,KORD,3,G1A,2025-04-25 21:10,2025-04-26 02:10,2025-04-26 00:39,2025-04-26 05:39,2025-04-26 00:39,2025-04-26 05:39,MLI,KMLI,,A3,A,2025-04-25 22:15,2025-04-26 03:15,2025-04-26 01:39,2025-04-26 06:39,2025-04-26 01:39,2025-04-26 06:39,OO,4964,OO4964,landed,65,204,209.0,204.0,,1745637300,1745633400,1745649540.0,1745645940.0,1745649540.0,1745645940.0,209,Long Delay,3,Unknown
HA,HAL,HA6431,HAL6431,6431,PHX,KPHX,3,E4,2025-04-25 19:59,2025-04-26 02:59,2025-04-25 22:39,2025-04-26 05:39,2025-04-25 22:39,2025-04-26 05:39,BOI,KBOI,,C6,,2025-04-25 23:15,2025-04-26 05:15,2025-04-26 01:41,2025-04-26 07:41,,,OO,3413,OO3413,active,136,146,160.0,146.0,,1745644500,1745636340,1745653260.0,1745645940.0,,1745645940.0,160,Long Delay,3,Unknown
OO,SKW,OO4964,SKW4964,4964,ORD,KORD,3,G1A,2025-04-25 21:10,2025-04-26 02:10,2025-04-26 00:39,2025-04-26 05:39,2025-04-26 00:39,2025-04-26 05:39,MLI,KMLI,,A3,A,2025-04-25 22:15,2025-04-26 03:15,2025-04-26 01:39,2025-04-26 06:39,2025-04-26 01:39,2025-04-26 06:39,,,,landed,65,204,209.0,204.0,,1745637300,1745633400,1745649540.0,1745645940.0,1745649540.0,1745645940.0,209,Long Delay,3,Unknown
OO,SKW,OO3413,SKW3413,3413,PHX,KPHX,3,E4,2025-04-25 19:59,2025-04-26 02:59,2025-04-25 22:39,2025-04-26 05:39,2025-04-25 22:39,2025-04-26 05:39,BOI,KBOI,,C6,,2025-04-25 23:15,2025-04-26 05:15,2025-04-26 01:41,2025-04-26 07:41,,,,,,active,136,146,160.0,146.0,,1745644500,1745636340,1745653260.0,1745645940.0,,1745645940.0,160,Long Delay,3,Unknown
AS,ASA,AS4346,ASA4346,4346,ORD,KORD,3,G1A,2025-04-25 21:10,2025-04-26 02:10,2025-04-26 00:39,2025-04-26 05:39,2025-04-26 00:39,2025-04-26 05:39,MLI,KMLI,,A3,A,2025-04-25 22:15,2025-04-26 03:15,2025-04-26 01:39,2025-04-26 06:39,2025-04-26 01:39,2025-04-26 06:39,OO,4964,OO4964,landed,65,204,209.0,204.0,,1745637300,1745633400,1745649540.0,1745645940.0,1745649540.0,1745645940.0,209,Long Delay,3,Unknown
WN,SWA,WN986,SWA986,986,DEN,KDEN,,,2025-04-25 20:55,2025-04-26 02:55,2025-04-25 23:39,2025-04-26 05:39,2025-04-25 23:39,2025-04-26 05:39,LAS,KLAS,1,C11,3,2025-04-25 21:55,2025-04-26 04:55,2025-04-26 00:32,2025-04-26 07:32,,,,,,active,120,157,164.0,157.0,B738,1745643300,1745636100,1745652720.0,1745645940.0,,1745645940.0,164,Long Delay,Unknown,1
CM,CMP,CM1053,CMP1053,1053,DEN,KDEN,,B52,2025-04-25 21:03,2025-04-26 03:03,2025-04-25 23:40,2025-04-26 05:40,2025-04-25 23:40,2025-04-26 05:40,FSD,KFSD,,7,1,2025-04-25 23:44,2025-04-26 04:44,2025-04-26 02:02,2025-04-26 07:02,2025-04-26 02:02,2025-04-26 07:02,OO,5700,OO5700,landed,101,138,157.0,138.0,,1745642640,1745636580,1745650920.0,1745646000.0,1745650920.0,1745646000.0,157,Long Delay,Unknown,Unknown
MF,CXA,MF3745,CXA3745,3745,CTU,ZUUU,T2,,2025-04-26 12:25,2025-04-26 04:25,2025-04-26 13:40,2025-04-26 05:40,2025-04-26 13:40,2025-04-26 05:40,SHA,ZSSS,2,,31,2025-04-26 14:55,2025-04-26 06:55,2025-04-26 16:29,2025-04-26 08:29,,,MU,5410,MU5410,active,150,75,75.0,94.0,,1745650500,1745641500,1745656140.0,1745646000.0,,1745646000.0,75,Long Delay,T2,2
B6,JBU,B66420,JBU6420,6420,BEG,LYBE,2,,2025-04-26 06:40,2025-04-26 04:40,2025-04-26 07:40,2025-04-26 05:40,,,CDG,LFPG,2B,,04,2025-04-26 09:15,2025-04-26 07:15,2025-04-26 10:24,2025-04-26 08:24,,,JU,240,JU240,scheduled,155,69,60.0,69.0,,1745651700,1745642400,1745655840.0,1745646000.0,,,0,On Time,2,2B
WN,SWA,WN4508,SWA4508,4508,DEN,KDEN,,,2025-04-25 21:55,2025-04-26 03:55,2025-04-25 23:40,2025-04-26 05:40,2025-04-25 23:40,2025-04-26 05:40,LAX,KLAX,1,,,2025-04-25 23:25,2025-04-26 06:25,2025-04-26 01:17,2025-04-26 08:17,,,,,,active,150,112,105.0,112.0,B38M,1745648700,1745639700,1745655420.0,1745646000.0,,1745646000.0,105,Long Delay,Unknown,1
3U,CSC,3U5196,CSC5196,5196,CTU,ZUUU,T2,,2025-04-26 12:25,2025-04-26 04:25,2025-04-26 13:40,2025-04-26 05:40,2025-04-26 13:40,2025-04-26 05:40,SHA,ZSSS,2,,31,2025-04-26 14:55,2025-04-26 06:55,2025-04-26 16:29,2025-04-26 08:29,,,MU,5410,MU5410,active,150,75,75.0,94.0,,1745650500,1745641500,1745656140.0,1745646000.0,,1745646000.0,75,Long Delay,T2,2
NH,ANA,NH5849,ANA5849,5849,NRT,RJAA,,,2025-04-26 13:25,2025-04-26 04:25,2025-04-26 14:40,2025-04-26 05:40,2025-04-26 14:40,2025-04-26 05:40,TPE,RCTP,2,C5R,,2025-04-26 16:05,2025-04-26 08:05,,,,,BR,183,BR183,active,220,75,75.0,,,1745654700,1745641500,,1745646000.0,,1745646000.0,75,Long Delay,Unknown,2
TG,THA,TG6365,THA6365,6365,NRT,RJAA,,,2025-04-26 13:25,2025-04-26 04:25,2025-04-26 14:40,2025-04-26 05:40,2025-04-26 14:40,2025-04-26 05:40,TPE,RCTP,2,C5R,,2025-04-26 16:05,2025-04-26 08:05,,,,,BR,183,BR183,active,220,75,75.0,,,1745654700,1745641500,,1745646000.0,,1745646000.0,75,Long Delay,Unknown,2
MU,CES,MU5410,CES5410,5410,CTU,ZUUU,T2,,2025-04-26 12:25,2025-04-26 04:25,2025-04-26 13:40,2025-04-26 05:40,2025-04-26 13:40,2025-04-26 05:40,SHA,ZSSS,2,,31,2025-04-26 14:55,2025-04-26 06:55,2025-04-26 16:29,2025-04-26 08:29,,,,,,active,150,75,75.0,94.0,,1745650500,1745641500,1745656140.0,1745646000.0,,1745646000.0,75,Long Delay,T2,2
JU,ASL,JU240,ASL240,240,BEG,LYBE,2,,2025-04-26 06:40,2025-04-26 04:40,2025-04-26 07:40,2025-04-26 05:40,,,CDG,LFPG,2B,,04,2025-04-26 09:15,2025-04-26 07:15,2025-04-26 10:24,2025-04-26 08:24,,,,,,scheduled,155,69,60.0,69.0,A320,1745651700,1745642400,1745655840.0,1745646000.0,,,0,On Time,2,2B
HO,DKH,HO5427,DKH5427,5427,CTU,ZUUU,T2,,2025-04-26 12:25,2025-04-26 04:25,2025-04-26 13:40,2025-04-26 05:40,2025-04-26 13:40,2025-04-26 05:40,SHA,ZSSS,2,,31,2025-04-26 14:55,2025-04-26 06:55,2025-04-26 16:29,2025-04-26 08:29,,,MU,5410,MU5410,active,150,75,75.0,94.0,,1745650500,1745641500,1745656140.0,1745646000.0,,1745646000.0,75,Long Delay,T2,2
TK,THY,TK9448,THY9448,9448,NRT,RJAA,,,2025-04-26 13:25,2025-04-26 04:25,2025-04-26 14:40,2025-04-26 05:40,2025-04-26 14:40,2025-04-26 05:40,TPE,RCTP,2,C5R,,2025-04-26 16:05,2025-04-26 08:05,,,,,BR,183,BR183,active,220,75,75.0,,,1745654700,1745641500,,1745646000.0,,1745646000.0,75,Long Delay,Unknown,2
AF,AFR,AF6291,AFR6291,6291,BEG,LYBE,2,,2025-04-26 06:40,2025-04-26 04:40,2025-04-26 07:40,2025-04-26 05:40,,,CDG,LFPG,2B,,04,2025-04-26 09:15,2025-04-26 07:15,2025-04-26 10:24,2025-04-26 08:24,,,JU,240,JU240,scheduled,155,69,60.0,69.0,,1745651700,1745642400,1745655840.0,1745646000.0,,,0,On Time,2,2B
OO,SKW,OO5700,SKW5700,5700,DEN,KDEN,,B52,2025-04-25 21:03,2025-04-26 03:03,2025-04-25 23:40,2025-04-26 05:40,2025-04-25 23:40,2025-04-26 05:40,FSD,KFSD,,7,1,2025-04-25 23:44,2025-04-26 04:44,2025-04-26 02:02,2025-04-26 07:02,2025-04-26 02:02,2025-04-26 07:02,,,,landed,101,138,157.0,138.0,,1745642640,1745636580,1745650920.0,1745646000.0,1745650920.0,1745646000.0,157,Long Delay,Unknown,Unknown
UA,UAL,UA5700,UAL5700,5700,DEN,KDEN,,B52,2025-04-25 21:03,2025-04-26 03:03,2025-04-25 23:40,2025-04-26 05:40,2025-04-25 23:40,2025-04-26 05:40,FSD,KFSD,,7,1,2025-04-25 23:44,2025-04-26 04:44,2025-04-26 02:02,2025-04-26 07:02,2025-04-26 02:02,2025-04-26 07:02,OO,5700,OO5700,landed,101,138,157.0,138.0,,1745642640,1745636580,1745650920.0,1745646000.0,1745650920.0,1745646000.0,157,Long Delay,Unknown,Unknown
NZ,ANZ,NZ4945,ANZ4945,4945,NRT,RJAA,,,2025-04-26 13:25,2025-04-26 04:25,2025-04-26 14:40,2025-04-26 05:40,2025-04-26 14:40,2025-04-26 05:40,TPE,RCTP,2,C5R,,2025-04-26 16:05,2025-04-26 08:05,,,,,BR,183,BR183,active,220,75,75.0,,,1745654700,1745641500,,1745646000.0,,1745646000.0,75,Long Delay,Unknown,2
BR,EVA,BR183,EVA183,183,NRT,RJAA,,,2025-04-26 13:25,2025-04-26 04:25,2025-04-26 14:40,2025-04-26 05:40,2025-04-26 14:40,2025-04-26 05:40,TPE,RCTP,2,C5R,,2025-04-26 16:05,2025-04-26 08:05,,,,,,,,active,220,75,75.0,,B78X,1745654700,1745641500,,1745646000.0,,1745646000.0,75,Long Delay,Unknown,2
CA,CCA,CA911,CCA911,911,PEK,ZBAA,3,,2025-04-26 14:00,2025-04-26 06:00,2025-04-26 13:41,2025-04-26 05:41,2025-04-26 13:41,2025-04-26 05:41,ARN,ESSA,5,,3,2025-04-26 17:20,2025-04-26 15:20,2025-04-26 18:25,2025-04-26 16:25,,,,,,active,560,65,,65.0,A359,1745680800,1745647200,1745684700.0,1745646060.0,,1745646060.0,-19,,3,5
TB,JAF,TB1011,JAF1011,1011,BRU,EBBR,,,2025-04-26 06:05,2025-04-26 04:05,2025-04-26 07:43,2025-04-26 05:43,2025-04-26 07:43,2025-04-26 05:43,AGP,LEMG,,,,2025-04-26 09:10,2025-04-26 07:10,2025-04-26 10:25,2025-04-26 08:25,,,,,,active,185,75,98.0,75.0,B38M,1745651400,1745640300,1745655900.0,1745646180.0,,1745646180.0,98,Long Delay,Unknown,Unknown
IT,TTW,IT261,TTW261,261,CTS,RJCC,,,2025-04-26 13:55,2025-04-26 04:55,2025-04-26 14:44,2025-04-26 05:44,2025-04-26 14:44,2025-04-26 05:44,KHH,RCKH,,23,,2025-04-26 17:15,2025-04-26 09:15,2025-04-26 18:20,2025-04-26 10:20,,,,,,active,260,65,,65.0,A320,1745658900,1745643300,1745662800.0,1745646240.0,,1745646240.0,49,Long Delay,Unknown,Unknown
PR,PAL,PR2905,PAL2905,2905,MNL,RPLL,2,,2025-04-26 11:15,2025-04-26 03:15,2025-04-26 13:44,2025-04-26 05:44,2025-04-26 13:44,2025-04-26 05:44,EUQ,RPVS,,,,2025-04-26 12:50,2025-04-26 04:50,2025-04-26 15:01,2025-04-26 07:01,,,2P,2905,2P2905,landed,95,149,149.0,131.0,,1745643000,1745637300,1745650860.0,1745646240.0,,1745646240.0,149,Long Delay,2,Unknown
2P,GAP,2P2905,GAP2905,2905,MNL,RPLL,2,,2025-04-26 11:15,2025-04-26 03:15,2025-04-26 13:44,2025-04-26 05:44,2025-04-26 13:44,2025-04-26 05:44,EUQ,RPVS,,,,2025-04-26 12:50,2025-04-26 04:50,2025-04-26 15:01,2025-04-26 07:01,,,,,,landed,95,149,149.0,131.0,,1745643000,1745637300,1745650860.0,1745646240.0,,1745646240.0,149,Long Delay,2,Unknown
LH,DLH,LH7838,DLH7838,7838,IAD,KIAD,,21,2025-04-25 22:35,2025-04-26 02:35,2025-04-26 01:45,2025-04-26 05:45,2025-04-26 01:45,2025-04-26 05:45,CDG,LFPG,1,26,,2025-04-26 12:35,2025-04-26 10:35,2025-04-26 15:17,2025-04-26 13:17,,,UA,330,UA330,active,480,190,190.0,162.0,,1745663700,1745634900,1745673420.0,1745646300.0,,1745646300.0,190,Long Delay,Unknown,1
AK,AXM,AK6991,AXM6991,6991,KBR,WMKC,,07,2025-04-26 12:00,2025-04-26 04:00,2025-04-26 13:45,2025-04-26 05:45,2025-04-26 13:45,2025-04-26 05:45,KUL,WMKK,2,,,2025-04-26 13:05,2025-04-26 05:05,2025-04-26 14:58,2025-04-26 06:58,2025-04-26 14:58,2025-04-26 06:58,,,,landed,65,113,105.0,113.0,,1745643900,1745640000,1745650680.0,1745646300.0,1745650680.0,1745646300.0,105,Long Delay,Unknown,2
UA,UAL,UA330,UAL330,330,IAD,KIAD,,21,2025-04-25 22:35,2025-04-26 02:35,2025-04-26 01:45,2025-04-26 05:45,2025-04-26 01:45,2025-04-26 05:45,CDG,LFPG,1,26,,2025-04-26 12:35,2025-04-26 10:35,2025-04-26 15:17,2025-04-26 13:17,,,,,,active,480,190,190.0,162.0,B763,1745663700,1745634900,1745673420.0,1745646300.0,,1745646300.0,190,Long Delay,Unknown,1
U6,SVR,U62426,SVR2426,2426,LBD,UTDL,,,2025-04-26 07:55,2025-04-26 02:55,2025-04-26 10:45,2025-04-26 05:45,2025-04-26 10:50,2025-04-26 05:50,ZIA,UUBW,,,,2025-04-26 10:00,2025-04-26 07:00,2025-04-26 12:54,2025-04-26 09:54,,,,,,active,245,174,170.0,174.0,,1745650800,1745636100,1745661240.0,1745646300.0,,1745646600.0,175,Long Delay,Unknown,Unknown
AC,ACA,AC3449,ACA3449,3449,IAD,KIAD,,21,2025-04-25 22:35,2025-04-26 02:35,2025-04-26 01:45,2025-04-26 05:45,2025-04-26 01:45,2025-04-26 05:45,CDG,LFPG,1,26,,2025-04-26 12:35,2025-04-26 10:35,2025-04-26 15:17,2025-04-26 13:17,,,UA,330,UA330,active,480,190,190.0,162.0,,1745663700,1745634900,1745673420.0,1745646300.0,,1745646300.0,190,Long Delay,Unknown,1
NO,NOS,NO525,NOS525,525,MXP,LIMC,1,B58,2025-04-26 05:45,2025-04-26 03:45,2025-04-26 07:45,2025-04-26 05:45,,,FCO,LIRF,3,,10,2025-04-26 07:10,2025-04-26 05:10,2025-04-26 09:00,2025-04-26 07:00,,,,,,landed,85,110,120.0,110.0,,1745644200,1745639100,1745650800.0,1745646300.0,,,0,On Time,1,3
QR,QTR,QR2553,QTR2553,2553,DFW,KDFW,D,D21,2025-04-25 23:31,2025-04-26 04:31,2025-04-26 00:46,2025-04-26 05:46,2025-04-26 00:46,2025-04-26 05:46,SJU,TJSJ,C,C8,,2025-04-26 05:00,2025-04-26 09:00,2025-04-26 06:14,2025-04-26 10:14,,,AA,3328,AA3328,active,269,74,75.0,74.0,,1745658000,1745641860,1745662440.0,1745646360.0,,1745646360.0,75,Long Delay,D,C
TG,THA,TG9175,THA9175,9175,EWR,KEWR,B,,2025-04-26 00:30,2025-04-26 04:30,2025-04-26 01:46,2025-04-26 05:46,2025-04-26 01:46,2025-04-26 05:46,IST,LTFM,,,,2025-04-26 17:15,2025-04-26 14:15,2025-04-26 19:01,2025-04-26 16:01,,,TK,30,TK30,active,585,76,76.0,106.0,,1745676900,1745641800,1745683260.0,1745646360.0,,1745646360.0,76,Long Delay,B,Unknown
AS,ASA,AS4459,ASA4459,4459,DFW,KDFW,D,D21,2025-04-25 23:31,2025-04-26 04:31,2025-04-26 00:46,2025-04-26 05:46,2025-04-26 00:46,2025-04-26 05:46,SJU,TJSJ,C,C8,,2025-04-26 05:00,2025-04-26 09:00,2025-04-26 06:14,2025-04-26 10:14,,,AA,3328,AA3328,active,269,74,75.0,74.0,,1745658000,1745641860,1745662440.0,1745646360.0,,1745646360.0,75,Long Delay,D,C
AA,AAL,AA3328,AAL3328,3328,DFW,KDFW,D,D21,2025-04-25 23:31,2025-04-26 04:31,2025-04-26 00:46,2025-04-26 05:46,2025-04-26 00:46,2025-04-26 05:46,SJU,TJSJ,C,C8,,2025-04-26 05:00,2025-04-26 09:00,2025-04-26 06:14,2025-04-26 10:14,,,,,,active,269,74,75.0,74.0,A321,1745658000,1745641860,1745662440.0,1745646360.0,,1745646360.0,75,Long Delay,D,C
TK,THY,TK30,THY30,30,EWR,KEWR,B,,2025-04-26 00:30,2025-04-26 04:30,2025-04-26 01:46,2025-04-26 05:46,2025-04-26 01:46,2025-04-26 05:46,IST,LTFM,,,,2025-04-26 17:15,2025-04-26 14:15,2025-04-26 19:01,2025-04-26 16:01,,,,,,active,585,76,76.0,106.0,,1745676900,1745641800,1745683260.0,1745646360.0,,1745646360.0,76,Long Delay,B,Unknown
TV,TBA,TV9824,TBA9824,9824,LXA,ZULS,T3,,2025-04-26 12:20,2025-04-26 04:20,2025-04-26 13:47,2025-04-26 05:47,2025-04-26 13:47,2025-04-26 05:47,CTU,ZUUU,T2,,,2025-04-26 14:10,2025-04-26 06:10,2025-04-26 15:53,2025-04-26 07:53,,,,,,active,110,103,87.0,103.0,A330,1745647800,1745641200,1745653980.0,1745646420.0,,1745646420.0,87,Long Delay,T3,T2
MM,APJ,MM183,APJ183,183,KIX,RJBB,2,89,2025-04-26 13:40,2025-04-26 04:40,2025-04-26 14:47,2025-04-26 05:47,2025-04-26 14:47,2025-04-26 05:47,KMI,RJFM,,,,2025-04-26 14:50,2025-04-26 05:50,2025-04-26 15:52,2025-04-26 06:52,2025-04-26 15:52,2025-04-26 06:52,,,,landed,70,62,67.0,62.0,,1745646600,1745642400,1745650320.0,1745646420.0,1745650320.0,1745646420.0,67,Long Delay,2,Unknown
SU,AFL,SU1473,AFL1473,1473,NJC,USNN,,,2025-04-26 08:25,2025-04-26 03:25,2025-04-26 10:47,2025-04-26 05:47,2025-04-26 10:47,2025-04-26 05:47,SVO,UUEE,B,,1,2025-04-26 10:00,2025-04-26 07:00,2025-04-26 12:32,2025-04-26 09:32,,,,,,active,215,152,142.0,152.0,A320,1745650800,1745637900,1745659920.0,1745646420.0,,1745646420.0,142,Long Delay,Unknown,B
WN,SWA,WN1009,SWA1009,1009,DEN,KDEN,,,2025-04-25 21:40,2025-04-26 03:40,2025-04-25 23:48,2025-04-26 05:48,2025-04-25 23:48,2025-04-26 05:48,SEA,KSEA,,,,2025-04-25 23:35,2025-04-26 06:35,2025-04-26 01:33,2025-04-26 08:33,,,,,,active,175,118,128.0,118.0,B738,1745649300,1745638800,1745656380.0,1745646480.0,,1745646480.0,128,Long Delay,Unknown,Unknown
WN,SWA,WN355,SWA355,355,DEN,KDEN,,,2025-04-25 19:30,2025-04-26 01:30,2025-04-25 23:49,2025-04-26 05:49,2025-04-25 23:49,2025-04-26 05:49,MKE,KMKE,,,,2025-04-25 22:50,2025-04-26 03:50,2025-04-26 03:00,2025-04-26 08:00,,,,,,active,140,250,259.0,250.0,B737,1745639400,1745631000,1745654400.0,1745646540.0,,1745646540.0,259,Long Delay,Unknown,Unknown
MU,CES,MU8657,CES8657,8657,XIY,ZLXY,,,2025-04-26 12:20,2025-04-26 04:20,2025-04-26 13:49,2025-04-26 05:49,2025-04-26 13:49,2025-04-26 05:49,BUD,LHBP,2B,,,2025-04-26 17:00,2025-04-26 15:00,2025-04-26 18:51,2025-04-26 16:51,,,FM,891,FM891,active,640,89,89.0,111.0,,1745679600,1745641200,1745686260.0,1745646540.0,,1745646540.0,89,Long Delay,Unknown,2B
FM,CSH,FM891,CSH891,891,XIY,ZLXY,,,2025-04-26 12:20,2025-04-26 04:20,2025-04-26 13:49,2025-04-26 05:49,2025-04-26 13:49,2025-04-26 05:49,BUD,LHBP,2B,,,2025-04-26 17:00,2025-04-26 15:00,2025-04-26 18:51,2025-04-26 16:51,,,,,,active,640,89,89.0,111.0,,1745679600,1745641200,1745686260.0,1745646540.0,,1745646540.0,89,Long Delay,Unknown,2B
VJ,VJC,VJ815,VJC815,815,SGN,VVTS,2,,2025-04-26 11:20,2025-04-26 04:20,2025-04-26 12:49,2025-04-26 05:49,2025-04-26 12:49,2025-04-26 05:49,SIN,WSSS,4,G9,1,2025-04-26 14:25,2025-04-26 06:25,2025-04-26 15:35,2025-04-26 07:35,,,,,,active,125,70,,70.0,A321,1745648700,1745641200,1745652900.0,1745646540.0,,1745646540.0,89,Long Delay,2,4
AF,AFR,AF2087,AFR2087,2087,ATL,KATL,S,A17,2025-04-25 21:19,2025-04-26 01:19,2025-04-26 01:50,2025-04-26 05:50,2025-04-26 01:50,2025-04-26 05:50,BHM,KBHM,,A7,,2025-04-25 21:12,2025-04-26 02:12,2025-04-26 01:40,2025-04-26 06:40,2025-04-26 01:40,2025-04-26 06:40,DL,2257,DL2257,landed,53,271,271.0,268.0,,1745633520,1745630340,1745649600.0,1745646600.0,1745649600.0,1745646600.0,271,Long Delay,S,Unknown
WZ,RWZ,WZ1026,RWZ1026,1026,UFA,UWUU,1,,2025-04-26 10:50,2025-04-26 05:50,,,,,SVX,USSS,,,,2025-04-26 12:05,2025-04-26 07:05,2025-04-26 13:10,2025-04-26 08:10,,,,,,scheduled,75,65,,65.0,,1745651100,1745646600,1745655000.0,,,,0,On Time,1,Unknown
WN,SWA,WN4359,SWA4359,4359,PDX,KPDX,,E9,2025-04-25 20:25,2025-04-26 03:25,2025-04-25 22:50,2025-04-26 05:50,2025-04-25 22:50,2025-04-26 05:50,SJC,KSJC,B,20,,2025-04-25 22:10,2025-04-26 05:10,2025-04-26 00:30,2025-04-26 07:30,,,,,,landed,105,140,145.0,140.0,B738,1745644200,1745637900,1745652600.0,1745646600.0,,1745646600.0,145,Long Delay,Unknown,B
,MAY,,MAY6832,6832,NAP,LIRN,,C20,2025-04-26 06:35,2025-04-26 04:35,2025-04-26 07:50,2025-04-26 05:50,2025-04-26 07:50,2025-04-26 05:50,EIN,EHEH,,C20,,2025-04-26 08:55,2025-04-26 06:55,2025-04-26 10:18,2025-04-26 08:18,,,,,,active,140,75,75.0,83.0,,1745650500,1745642100,1745655480.0,1745646600.0,,1745646600.0,75,Long Delay,Unknown,Unknown
KE,KAL,KE6831,KAL6831,6831,ATL,KATL,S,A17,2025-04-25 21:19,2025-04-26 01:19,2025-04-26 01:50,2025-04-26 05:50,2025-04-26 01:50,2025-04-26 05:50,BHM,KBHM,,A7,,2025-04-25 21:12,2025-04-26 02:12,2025-04-26 01:40,2025-04-26 06:40,2025-04-26 01:40,2025-04-26 06:40,DL,2257,DL2257,landed,53,271,271.0,268.0,,1745633520,1745630340,1745649600.0,1745646600.0,1745649600.0,1745646600.0,271,Long Delay,S,Unknown
LA,LAN,LA6706,LAN6706,6706,ATL,KATL,S,A17,2025-04-25 21:19,2025-04-26 01:19,2025-04-26 01:50,2025-04-26 05:50,2025-04-26 01:50,2025-04-26 05:50,BHM,KBHM,,A7,,2025-04-25 21:12,2025-04-26 02:12,2025-04-26 01:40,2025-04-26 06:40,2025-04-26 01:40,2025-04-26 06:40,DL,2257,DL2257,landed,53,271,271.0,268.0,,1745633520,1745630340,1745649600.0,1745646600.0,1745649600.0,1745646600.0,271,Long Delay,S,Unknown
MS,MSR,MS264,MSR264,264,CAI,HECA,3,,2025-04-26 07:10,2025-04-26 04:10,2025-04-26 08:50,2025-04-26 05:50,2025-04-26 08:50,2025-04-26 05:50,LXR,HELX,,,,2025-04-26 08:15,2025-04-26 05:15,2025-04-26 09:55,2025-04-26 06:55,2025-04-26 09:55,2025-04-26 06:55,,,,landed,65,100,105.0,100.0,,1745644500,1745640600,1745650500.0,1745646600.0,1745650500.0,1745646600.0,100,Long Delay,3,Unknown
WS,WJA,WS6748,WJA6748,6748,ATL,KATL,S,A17,2025-04-25 21:19,2025-04-26 01:19,2025-04-26 01:50,2025-04-26 05:50,2025-04-26 01:50,2025-04-26 05:50,BHM,KBHM,,A7,,2025-04-25 21:12,2025-04-26 02:12,2025-04-26 01:40,2025-04-26 06:40,2025-04-26 01:40,2025-04-26 06:40,DL,2257,DL2257,landed,53,271,271.0,268.0,,1745633520,1745630340,1745649600.0,1745646600.0,1745649600.0,1745646600.0,271,Long Delay,S,Unknown
KL,KLM,KL5093,KLM5093,5093,ATL,KATL,S,A17,2025-04-25 21:19,2025-04-26 01:19,2025-04-26 01:50,2025-04-26 05:50,2025-04-26 01:50,2025-04-26 05:50,BHM,KBHM,,A7,,2025-04-25 21:12,2025-04-26 02:12,2025-04-26 01:40,2025-04-26 06:40,2025-04-26 01:40,2025-04-26 06:40,DL,2257,DL2257,landed,53,271,271.0,268.0,,1745633520,1745630340,1745649600.0,1745646600.0,1745649600.0,1745646600.0,271,Long Delay,S,Unknown
DL,DAL,DL2257,DAL2257,2257,ATL,KATL,S,A17,2025-04-25 21:19,2025-04-26 01:19,2025-04-26 01:50,2025-04-26 05:50,2025-04-26 01:50,2025-04-26 05:50,BHM,KBHM,,A7,,2025-04-25 21:12,2025-04-26 02:12,2025-04-26 01:40,2025-04-26 06:40,2025-04-26 01:40,2025-04-26 06:40,,,,landed,53,271,271.0,268.0,,1745633520,1745630340,1745649600.0,1745646600.0,1745649600.0,1745646600.0,271,Long Delay,S,Unknown
GR,AUR,GR670,AUR670,670,GCI,EGJB,,,2025-04-26 06:50,2025-04-26 05:50,,,,,MAN,EGCC,2,,,2025-04-26 08:30,2025-04-26 07:30,2025-04-26 10:44,2025-04-26 09:44,,,,,,scheduled,100,134,,134.0,,1745652600,1745646600,1745660640.0,,,,0,On Time,Unknown,2
FR,RYR,FR6832,RYR6832,6832,NAP,LIRN,,C20,2025-04-26 06:35,2025-04-26 04:35,2025-04-26 07:50,2025-04-26 05:50,2025-04-26 07:50,2025-04-26 05:50,EIN,EHEH,,C20,,2025-04-26 08:55,2025-04-26 06:55,2025-04-26 10:18,2025-04-26 08:18,,,,6832,,active,140,75,75.0,83.0,B738,1745650500,1745642100,1745655480.0,1745646600.0,,1745646600.0,75,Long Delay,Unknown,Unknown
AM,AMX,AM3007,AMX3007,3007,ATL,KATL,S,A17,2025-04-25 21:19,2025-04-26 01:19,2025-04-26 01:50,2025-04-26 05:50,2025-04-26 01:50,2025-04-26 05:50,BHM,KBHM,,A7,,2025-04-25 21:12,2025-04-26 02:12,2025-04-26 01:40,2025-04-26 06:40,2025-04-26 01:40,2025-04-26 06:40,DL,2257,DL2257,landed,53,271,271.0,268.0,,1745633520,1745630340,1745649600.0,1745646600.0,1745649600.0,1745646600.0,271,Long Delay,S,Unknown
VS,VIR,VS4344,VIR4344,4344,ATL,KATL,S,A17,2025-04-25 21:19,2025-04-26 01:19,2025-04-26 01:50,2025-04-26 05:50,2025-04-26 01:50,2025-04-26 05:50,BHM,KBHM,,A7,,2025-04-25 21:12,2025-04-26 02:12,2025-04-26 01:40,2025-04-26 06:40,2025-04-26 01:40,2025-04-26 06:40,DL,2257,DL2257,landed,53,271,271.0,268.0,,1745633520,1745630340,1745649600.0,1745646600.0,1745649600.0,1745646600.0,271,Long Delay,S,Unknown
SK,SAS,SK3513,SAS3513,3513,ATL,KATL,S,A17,2025-04-25 21:19,2025-04-26 01:19,2025-04-26 01:50,2025-04-26 05:50,2025-04-26 01:50,2025-04-26 05:50,BHM,KBHM,,A7,,2025-04-25 21:12,2025-04-26 02:12,2025-04-26 01:40,2025-04-26 06:40,2025-04-26 01:40,2025-04-26 06:40,DL,2257,DL2257,landed,53,271,271.0,268.0,,1745633520,1745630340,1745649600.0,1745646600.0,1745649600.0,1745646600.0,271,Long Delay,S,Unknown
UA,UAL,UA1004,UAL1004,1004,DEN,KDEN,,B35,2025-04-25 20:48,2025-04-26 02:48,2025-04-25 23:51,2025-04-26 05:51,2025-04-25 23:51,2025-04-26 05:51,RAP,KRAP,,5,2,2025-04-25 22:00,2025-04-26 04:00,2025-04-26 01:01,2025-04-26 07:01,2025-04-26 01:01,2025-04-26 07:01,,,,landed,72,181,183.0,181.0,,1745640000,1745635680,1745650860.0,1745646660.0,1745650860.0,1745646660.0,183,Long Delay,Unknown,Unknown
CM,CMP,CM1133,CMP1133,1133,DEN,KDEN,,B35,2025-04-25 20:48,2025-04-26 02:48,2025-04-25 23:51,2025-04-26 05:51,2025-04-25 23:51,2025-04-26 05:51,RAP,KRAP,,5,2,2025-04-25 22:00,2025-04-26 04:00,2025-04-26 01:01,2025-04-26 07:01,2025-04-26 01:01,2025-04-26 07:01,UA,1004,UA1004,landed,72,181,183.0,181.0,,1745640000,1745635680,1745650860.0,1745646660.0,1745650860.0,1745646660.0,183,Long Delay,Unknown,Unknown
TV,TBA,TV9985,TBA9985,9985,LXA,ZULS,T3,,2025-04-26 11:25,2025-04-26 03:25,2025-04-26 13:51,2025-04-26 05:51,2025-04-26 13:51,2025-04-26 05:51,LZO,ZULZ,,,,2025-04-26 13:40,2025-04-26 05:40,2025-04-26 16:06,2025-04-26 08:06,,,,,,active,135,146,146.0,146.0,A319,1745646000,1745637900,1745654760.0,1745646660.0,,1745646660.0,146,Long Delay,T3,Unknown
VJ,VJC,VJ857,VJC857,857,NGO,RJGG,1,23,2025-04-26 09:30,2025-04-26 00:30,2025-04-26 14:52,2025-04-26 05:52,2025-04-26 14:52,2025-04-26 05:52,SGN,VVTS,2,,,2025-04-26 13:05,2025-04-26 06:05,,,,,,,,active,335,322,322.0,,,1745647500,1745627400,,1745646720.0,,1745646720.0,322,Long Delay,1,2
QZ,AWQ,QZ540,AWQ540,540,DPS,WADD,I,6B,2025-04-26 12:05,2025-04-26 04:05,2025-04-26 13:52,2025-04-26 05:52,2025-04-26 13:52,2025-04-26 05:52,DRW,YPDN,,,4,2025-04-26 16:15,2025-04-26 06:45,2025-04-26 18:20,2025-04-26 08:50,,,,,,active,160,107,107.0,125.0,A320,1745649900,1745640300,1745657400.0,1745646720.0,,1745646720.0,107,Long Delay,I,Unknown
WN,SWA,WN4164,SWA4164,4164,SJC,KSJC,B,26,2025-04-25 21:10,2025-04-26 04:10,2025-04-25 22:54,2025-04-26 05:54,2025-04-25 22:54,2025-04-26 05:54,SEA,KSEA,,,,2025-04-25 23:25,2025-04-26 06:25,2025-04-26 00:47,2025-04-26 07:47,,,,,,active,135,82,104.0,82.0,B737,1745648700,1745640600,1745653620.0,1745646840.0,,1745646840.0,104,Long Delay,B,Unknown
VJ,VJC,VJ852,VJC852,852,SGN,VVTS,2,,2025-04-26 10:25,2025-04-26 03:25,2025-04-26 12:54,2025-04-26 05:54,2025-04-26 12:54,2025-04-26 05:54,RMQ,RCMQ,2,,,2025-04-26 14:45,2025-04-26 06:45,,,,,,,,active,200,149,149.0,,A21N,1745649900,1745637900,,1745646840.0,,1745646840.0,149,Long Delay,2,2
BA,BAW,BA6415,BAW6415,6415,SFO,KSFO,1,B18,2025-04-25 21:28,2025-04-26 04:28,2025-04-25 22:55,2025-04-26 05:55,2025-04-25 22:55,2025-04-26 05:55,PSP,KPSP,,10,,2025-04-25 23:03,2025-04-26 06:03,2025-04-26 00:21,2025-04-26 07:21,2025-04-26 00:21,2025-04-26 07:21,OO,3397,OO3397,landed,95,87,87.0,78.0,,1745647380,1745641680,1745652060.0,1745646900.0,1745652060.0,1745646900.0,87,Long Delay,1,Unknown
MY,MWG,MY3552,MWG3552,3552,MKM,WBGK,,,2025-04-26 12:20,2025-04-26 04:20,2025-04-26 13:55,2025-04-26 05:55,,,MYY,WBGR,,,,2025-04-26 13:30,2025-04-26 05:30,2025-04-26 15:05,2025-04-26 07:05,,,,,,scheduled,70,95,95.0,95.0,,1745645400,1745641200,1745651100.0,1745646900.0,,,0,On Time,Unknown,Unknown
WN,SWA,WN4500,SWA4500,4500,PDX,KPDX,,E8,2025-04-25 21:50,2025-04-26 04:50,2025-04-25 22:55,2025-04-26 05:55,2025-04-25 22:55,2025-04-26 05:55,PHX,KPHX,4,C3,2,2025-04-26 00:25,2025-04-26 07:25,2025-04-26 01:38,2025-04-26 08:38,,,,,,active,155,73,65.0,73.0,B738,1745652300,1745643000,1745656680.0,1745646900.0,,1745646900.0,65,Long Delay,Unknown,4
MH,MAS,MH3552,MAS3552,3552,MKM,WBGK,,,2025-04-26 12:20,2025-04-26 04:20,2025-04-26 13:55,2025-04-26 05:55,,,MYY,WBGR,,,,2025-04-26 13:30,2025-04-26 05:30,2025-04-26 15:05,2025-04-26 07:05,,,MY,3552,MY3552,scheduled,70,95,95.0,95.0,,1745645400,1745641200,1745651100.0,1745646900.0,,,0,On Time,Unknown,Unknown
FR,RYR,FR7522,RYR7522,7522,ALC,LEAL,,,2025-04-26 06:45,2025-04-26 04:45,2025-04-26 07:55,2025-04-26 05:55,2025-04-26 07:55,2025-04-26 05:55,EIN,EHEH,,C40,,2025-04-26 09:20,2025-04-26 07:20,2025-04-26 10:24,2025-04-26 08:24,,,,,,active,155,64,70.0,64.0,B738,1745652000,1745642700,1745655840.0,1745646900.0,,1745646900.0,70,Long Delay,Unknown,Unknown
AA,AAL,AA9417,AAL9417,9417,SFO,KSFO,1,B18,2025-04-25 21:28,2025-04-26 04:28,2025-04-25 22:55,2025-04-26 05:55,2025-04-25 22:55,2025-04-26 05:55,PSP,KPSP,,10,,2025-04-25 23:03,2025-04-26 06:03,2025-04-26 00:21,2025-04-26 07:21,2025-04-26 00:21,2025-04-26 07:21,OO,3397,OO3397,landed,95,87,87.0,78.0,,1745647380,1745641680,1745652060.0,1745646900.0,1745652060.0,1745646900.0,87,Long Delay,1,Unknown
OD,MXD,OD588,MXD588,588,KUL,WMKK,,,2025-04-26 11:35,2025-04-26 03:35,2025-04-26 13:55,2025-04-26 05:55,2025-04-26 13:55,2025-04-26 05:55,HDY,VTSS,,,,2025-04-26 11:50,2025-04-26 04:50,,,,,,,,landed,75,140,140.0,,,1745643000,1745638500,,1745646900.0,,1745646900.0,140,Long Delay,Unknown,Unknown
AS,ASA,AS3397,ASA3397,3397,SFO,KSFO,1,B18,2025-04-25 21:28,2025-04-26 04:28,2025-04-25 22:55,2025-04-26 05:55,2025-04-25 22:55,2025-04-26 05:55,PSP,KPSP,,10,,2025-04-25 23:03,2025-04-26 06:03,2025-04-26 00:21,2025-04-26 07:21,2025-04-26 00:21,2025-04-26 07:21,OO,3397,OO3397,landed,95,87,87.0,78.0,E170,1745647380,1745641680,1745652060.0,1745646900.0,1745652060.0,1745646900.0,87,Long Delay,1,Unknown
OO,SKW,OO3397,SKW3397,3397,SFO,KSFO,1,B18,2025-04-25 21:28,2025-04-26 04:28,2025-04-25 22:55,2025-04-26 05:55,2025-04-25 22:55,2025-04-26 05:55,PSP,KPSP,,10,,2025-04-25 23:03,2025-04-26 06:03,2025-04-26 00:21,2025-04-26 07:21,2025-04-26 00:21,2025-04-26 07:21,,,,landed,95,87,87.0,78.0,,1745647380,1745641680,1745652060.0,1745646900.0,1745652060.0,1745646900.0,87,Long Delay,1,Unknown
QR,QTR,QR2973,QTR2973,2973,SFO,KSFO,1,B18,2025-04-25 21:28,2025-04-26 04:28,2025-04-25 22:55,2025-04-26 05:55,2025-04-25 22:55,2025-04-26 05:55,PSP,KPSP,,10,,2025-04-25 23:03,2025-04-26 06:03,2025-04-26 00:21,2025-04-26 07:21,2025-04-26 00:21,2025-04-26 07:21,OO,3397,OO3397,landed,95,87,87.0,78.0,,1745647380,1745641680,1745652060.0,1745646900.0,1745652060.0,1745646900.0,87,Long Delay,1,Unknown
HA,HAL,HA6468,HAL6468,6468,SFO,KSFO,1,B18,2025-04-25 21:28,2025-04-26 04:28,2025-04-25 22:55,2025-04-26 05:55,2025-04-25 22:55,2025-04-26 05:55,PSP,KPSP,,10,,2025-04-25 23:03,2025-04-26 06:03,2025-04-26 00:21,2025-04-26 07:21,2025-04-26 00:21,2025-04-26 07:21,OO,3397,OO3397,landed,95,87,87.0,78.0,,1745647380,1745641680,1745652060.0,1745646900.0,1745652060.0,1745646900.0,87,Long Delay,1,Unknown
W6,WZZ,W61641,WZZ1641,1641,GDN,EPGD,,,2025-04-26 06:40,2025-04-26 04:40,2025-04-26 07:56,2025-04-26 05:56,2025-04-26 07:56,2025-04-26 05:56,EIN,EHEH,,,,2025-04-26 08:25,2025-04-26 06:25,2025-04-26 09:43,2025-04-26 07:43,,,,,,active,105,76,76.0,78.0,A321,1745648700,1745642400,1745653380.0,1745646960.0,,1745646960.0,76,Long Delay,Unknown,Unknown
W4,WMT,W45135,WMT5135,5135,TIA,LATI,,,2025-04-26 06:45,2025-04-26 04:45,2025-04-26 07:56,2025-04-26 05:56,2025-04-26 07:56,2025-04-26 05:56,EIN,EHEH,,,,2025-04-26 09:40,2025-04-26 07:40,2025-04-26 10:35,2025-04-26 08:35,,,,,,active,175,71,71.0,55.0,A321,1745653200,1745642700,1745656500.0,1745646960.0,,1745646960.0,71,Long Delay,Unknown,Unknown
LS,EXS,LS3223,EXS3223,3223,LPL,EGGP,,,2025-04-26 05:55,2025-04-26 04:55,2025-04-26 06:56,2025-04-26 05:56,2025-04-26 06:56,2025-04-26 05:56,FAO,LPFR,,,,2025-04-26 09:05,2025-04-26 08:05,2025-04-26 10:02,2025-04-26 09:02,,,,,,active,190,61,61.0,57.0,B738,1745654700,1745643300,1745658120.0,1745646960.0,,1745646960.0,61,Long Delay,Unknown,Unknown
UA,UAL,UA1564,UAL1564,1564,LAX,KLAX,7,75A,2025-04-25 18:50,2025-04-26 01:50,2025-04-25 22:57,2025-04-26 05:57,2025-04-25 22:57,2025-04-26 05:57,SFO,KSFO,3,E4,3,2025-04-25 20:19,2025-04-26 03:19,2025-04-26 00:25,2025-04-26 07:25,,,,,,landed,89,246,247.0,246.0,B38M,1745637540,1745632200,1745652300.0,1745647020.0,,1745647020.0,247,Long Delay,7,3
CM,CMP,CM1063,CMP1063,1063,LAX,KLAX,7,75A,2025-04-25 18:50,2025-04-26 01:50,2025-04-25 22:57,2025-04-26 05:57,2025-04-25 22:57,2025-04-26 05:57,SFO,KSFO,3,E4,3,2025-04-25 20:19,2025-04-26 03:19,2025-04-26 00:25,2025-04-26 07:25,,,UA,1564,UA1564,landed,89,246,247.0,246.0,,1745637540,1745632200,1745652300.0,1745647020.0,,1745647020.0,247,Long Delay,7,3
NZ,ANZ,NZ9281,ANZ9281,9281,LAX,KLAX,7,75A,2025-04-25 18:50,2025-04-26 01:50,2025-04-25 22:57,2025-04-26 05:57,2025-04-25 22:57,2025-04-26 05:57,SFO,KSFO,3,E4,3,2025-04-25 20:19,2025-04-26 03:19,2025-04-26 00:25,2025-04-26 07:25,,,UA,1564,UA1564,landed,89,246,247.0,246.0,,1745637540,1745632200,1745652300.0,1745647020.0,,1745647020.0,247,Long Delay,7,3
VA,VOZ,VA8575,VOZ8575,8575,LAX,KLAX,7,75A,2025-04-25 18:50,2025-04-26 01:50,2025-04-25 22:57,2025-04-26 05:57,2025-04-25 22:57,2025-04-26 05:57,SFO,KSFO,3,E4,3,2025-04-25 20:19,2025-04-26 03:19,2025-04-26 00:25,2025-04-26 07:25,,,UA,1564,UA1564,landed,89,246,247.0,246.0,,1745637540,1745632200,1745652300.0,1745647020.0,,1745647020.0,247,Long Delay,7,3
NH,ANA,NH7353,ANA7353,7353,LAX,KLAX,7,75A,2025-04-25 18:50,2025-04-26 01:50,2025-04-25 22:57,2025-04-26 05:57,2025-04-25 22:57,2025-04-26 05:57,SFO,KSFO,3,E4,3,2025-04-25 20:19,2025-04-26 03:19,2025-04-26 00:25,2025-04-26 07:25,,,UA,1564,UA1564,landed,89,246,247.0,246.0,,1745637540,1745632200,1745652300.0,1745647020.0,,1745647020.0,247,Long Delay,7,3
AV,AVA,AV2150,AVA2150,2150,LAX,KLAX,7,75A,2025-04-25 18:50,2025-04-26 01:50,2025-04-25 22:57,2025-04-26 05:57,2025-04-25 22:57,2025-04-26 05:57,SFO,KSFO,3,E4,3,2025-04-25 20:19,2025-04-26 03:19,2025-04-26 00:25,2025-04-26 07:25,,,UA,1564,UA1564,landed,89,246,247.0,246.0,,1745637540,1745632200,1745652300.0,1745647020.0,,1745647020.0,247,Long Delay,7,3
VJ,VJC,VJ808,VJC808,808,HKT,VTSP,,,2025-04-26 11:55,2025-04-26 04:55,2025-04-26 12:59,2025-04-26 05:59,2025-04-26 12:59,2025-04-26 05:59,SGN,VVTS,2,,,2025-04-26 13:50,2025-04-26 06:50,,,,,,,,active,115,64,64.0,,A321,1745650200,1745643300,,1745647140.0,,1745647140.0,64,Long Delay,Unknown,2
AC,ACA,AC5246,ACA5246,5246,GUA,MGGT,,11,2025-04-25 22:47,2025-04-26 04:47,2025-04-26 00:00,2025-04-26 06:00,2025-04-26 00:00,2025-04-26 06:00,EWR,KEWR,B,56,11,2025-04-26 05:35,2025-04-26 09:35,2025-04-26 06:45,2025-04-26 10:45,,,UA,258,UA258,active,288,70,73.0,70.0,,1745660100,1745642820,1745664300.0,1745647200.0,,1745647200.0,73,Long Delay,Unknown,B
UA,UAL,UA258,UAL258,258,GUA,MGGT,,11,2025-04-25 22:47,2025-04-26 04:47,2025-04-26 00:00,2025-04-26 06:00,2025-04-26 00:00,2025-04-26 06:00,EWR,KEWR,B,56,11,2025-04-26 05:35,2025-04-26 09:35,2025-04-26 06:45,2025-04-26 10:45,,,,,,active,288,70,73.0,70.0,B38M,1745660100,1745642820,1745664300.0,1745647200.0,,1745647200.0,73,Long Delay,Unknown,B
8B,TNU,8B152,TNU152,152,SIN,WSSS,2,F36,2025-04-26 11:45,2025-04-26 03:45,2025-04-26 14:00,2025-04-26 06:00,2025-04-26 14:44,2025-04-26 06:44,CGK,WIII,,,,2025-04-26 12:30,2025-04-26 05:30,,,,,,,,active,105,135,135.0,,A320,1745645400,1745639100,,1745647200.0,,1745649840.0,179,Long Delay,2,Unknown
HA,HAL,HA6451,HAL6451,6451,SFO,KSFO,1,B12,2025-04-25 21:24,2025-04-26 04:24,2025-04-25 23:02,2025-04-26 06:02,2025-04-25 23:02,2025-04-26 06:02,PDX,KPDX,,B3,2,2025-04-25 23:10,2025-04-26 06:10,2025-04-26 00:42,2025-04-26 07:42,,,QX,2081,QX2081,active,106,98,98.0,92.0,,1745647800,1745641440,1745653320.0,1745647320.0,,1745647320.0,98,Long Delay,1,Unknown
CX,CPA,CX7866,CPA7866,7866,SFO,KSFO,1,B12,2025-04-25 21:24,2025-04-26 04:24,2025-04-25 23:02,2025-04-26 06:02,2025-04-25 23:02,2025-04-26 06:02,PDX,KPDX,,B3,2,2025-04-25 23:10,2025-04-26 06:10,2025-04-26 00:42,2025-04-26 07:42,,,QX,2081,QX2081,active,106,98,98.0,92.0,,1745647800,1745641440,1745653320.0,1745647320.0,,1745647320.0,98,Long Delay,1,Unknown
QX,QXE,QX2081,QXE2081,2081,SFO,KSFO,1,B12,2025-04-25 21:24,2025-04-26 04:24,2025-04-25 23:02,2025-04-26 06:02,2025-04-25 23:02,2025-04-26 06:02,PDX,KPDX,,B3,2,2025-04-25 23:10,2025-04-26 06:10,2025-04-26 00:42,2025-04-26 07:42,,,,,,active,106,98,98.0,92.0,,1745647800,1745641440,1745653320.0,1745647320.0,,1745647320.0,98,Long Delay,1,Unknown
6E,IGO,6E5036,IGO5036,5036,DEL,VIDP,T3,34B,2025-04-26 08:00,2025-04-26 02:30,2025-04-26 11:32,2025-04-26 06:02,2025-04-26 11:32,2025-04-26 06:02,GOP,VEGK,,,,2025-04-26 09:30,2025-04-26 04:00,2025-04-26 13:02,2025-04-26 07:32,,,,,,active,90,212,212.0,212.0,,1745640000,1745634600,1745652720.0,1745647320.0,,1745647320.0,212,Long Delay,T3,Unknown
AS,ASA,AS2081,ASA2081,2081,SFO,KSFO,1,B12,2025-04-25 21:24,2025-04-26 04:24,2025-04-25 23:02,2025-04-26 06:02,2025-04-25 23:02,2025-04-26 06:02,PDX,KPDX,,B3,2,2025-04-25 23:10,2025-04-26 06:10,2025-04-26 00:42,2025-04-26 07:42,,,QX,2081,QX2081,active,106,98,98.0,92.0,E170,1745647800,1745641440,1745653320.0,1745647320.0,,1745647320.0,98,Long Delay,1,Unknown
WN,SWA,WN1903,SWA1903,1903,PHX,KPHX,4,D7,2025-04-25 21:50,2025-04-26 04:50,2025-04-25 23:02,2025-04-26 06:02,2025-04-25 23:02,2025-04-26 06:02,SAN,KSAN,1,,,2025-04-25 23:00,2025-04-26 06:00,2025-04-26 00:04,2025-04-26 07:04,2025-04-26 00:04,2025-04-26 07:04,,,,landed,70,64,72.0,64.0,B737,1745647200,1745643000,1745651040.0,1745647320.0,1745651040.0,1745647320.0,72,Long Delay,4,1
AA,AAL,AA7595,AAL7595,7595,SFO,KSFO,1,B12,2025-04-25 21:24,2025-04-26 04:24,2025-04-25 23:02,2025-04-26 06:02,2025-04-25 23:02,2025-04-26 06:02,PDX,KPDX,,B3,2,2025-04-25 23:10,2025-04-26 06:10,2025-04-26 00:42,2025-04-26 07:42,,,QX,2081,QX2081,active,106,98,98.0,92.0,,1745647800,1745641440,1745653320.0,1745647320.0,,1745647320.0,98,Long Delay,1,Unknown
QR,QTR,QR2963,QTR2963,2963,SFO,KSFO,1,B12,2025-04-25 21:24,2025-04-26 04:24,2025-04-25 23:02,2025-04-26 06:02,2025-04-25 23:02,2025-04-26 06:02,PDX,KPDX,,B3,2,2025-04-25 23:10,2025-04-26 06:10,2025-04-26 00:42,2025-04-26 07:42,,,QX,2081,QX2081,active,106,98,98.0,92.0,,1745647800,1745641440,1745653320.0,1745647320.0,,1745647320.0,98,Long Delay,1,Unknown
UA,UAL,UA5261,UAL5261,5261,DEN,KDEN,,B88,2025-04-25 21:00,2025-04-26 03:00,2025-04-26 00:03,2025-04-26 06:03,2025-04-26 00:03,2025-04-26 06:03,XWA,KXWA,,,,2025-04-25 23:54,2025-04-26 04:54,2025-04-26 02:46,2025-04-26 07:46,,,OO,5261,OO5261,active,114,172,183.0,172.0,CRJ7,1745643240,1745636400,1745653560.0,1745647380.0,,1745647380.0,183,Long Delay,Unknown,Unknown
JD,CBJ,JD607,CBJ607,607,HGH,ZSHC,,,2025-04-26 14:25,2025-04-26 06:25,2025-04-26 14:03,2025-04-26 06:03,2025-04-26 14:03,2025-04-26 06:03,SVO,UUEE,C,,1,2025-04-26 18:55,2025-04-26 15:55,2025-04-26 19:56,2025-04-26 16:56,,,,,,active,570,61,,61.0,A332,1745682900,1745648700,1745686560.0,1745647380.0,,1745647380.0,-22,,Unknown,C
F3,FAD,F3303,FAD303,303,JED,OEJN,1,,2025-04-26 07:55,2025-04-26 04:55,2025-04-26 09:03,2025-04-26 06:03,2025-04-26 09:03,2025-04-26 06:03,DMM,OEDF,,,,2025-04-26 10:00,2025-04-26 07:00,,,,,,,,active,125,68,68.0,,A20N,1745650800,1745643300,,1745647380.0,,1745647380.0,68,Long Delay,1,Unknown
HU,CHH,HU8651,CHH8651,8651,HGH,ZSHC,,,2025-04-26 14:25,2025-04-26 06:25,2025-04-26 14:03,2025-04-26 06:03,2025-04-26 14:03,2025-04-26 06:03,SVO,UUEE,C,,1,2025-04-26 18:55,2025-04-26 15:55,2025-04-26 19:56,2025-04-26 16:56,,,JD,607,JD607,active,570,61,,61.0,,1745682900,1745648700,1745686560.0,1745647380.0,,1745647380.0,-22,,Unknown,C
OO,SKW,OO5261,SKW5261,5261,DEN,KDEN,,B88,2025-04-25 21:00,2025-04-26 03:00,2025-04-26 00:03,2025-04-26 06:03,2025-04-26 00:03,2025-04-26 06:03,XWA,KXWA,,,,2025-04-25 23:54,2025-04-26 04:54,2025-04-26 02:46,2025-04-26 07:46,,,,,,active,114,172,183.0,172.0,,1745643240,1745636400,1745653560.0,1745647380.0,,1745647380.0,183,Long Delay,Unknown,Unknown
CM,CMP,CM1083,CMP1083,1083,DEN,KDEN,,B88,2025-04-25 21:00,2025-04-26 03:00,2025-04-26 00:03,2025-04-26 06:03,2025-04-26 00:03,2025-04-26 06:03,XWA,KXWA,,,,2025-04-25 23:54,2025-04-26 04:54,2025-04-26 02:46,2025-04-26 07:46,,,OO,5261,OO5261,active,114,172,183.0,172.0,,1745643240,1745636400,1745653560.0,1745647380.0,,1745647380.0,183,Long Delay,Unknown,Unknown
AV,AVA,AV218,AVA218,218,EZE,SAEZ,,,2025-04-26 01:40,2025-04-26 04:40,2025-04-26 03:04,2025-04-26 06:04,2025-04-26 03:04,2025-04-26 06:04,BOG,SKBO,1,,,2025-04-26 05:55,2025-04-26 10:55,2025-04-26 07:28,2025-04-26 12:28,,,EB,218,EB218,active,375,93,84.0,93.0,A333,1745664900,1745642400,1745670480.0,1745647440.0,,1745647440.0,84,Long Delay,Unknown,1
TK,THY,TK16,THY16,16,EZE,SAEZ,,,2025-04-25 23:55,2025-04-26 02:55,2025-04-26 03:04,2025-04-26 06:04,2025-04-26 03:04,2025-04-26 06:04,GRU,SBGR,3,,,2025-04-26 02:30,2025-04-26 05:30,2025-04-26 05:41,2025-04-26 08:41,,,,,,active,155,191,189.0,191.0,,1745645400,1745636100,1745656860.0,1745647440.0,,1745647440.0,189,Long Delay,Unknown,3
EB,PLM,EB218,PLM218,218,EZE,SAEZ,,,2025-04-26 01:40,2025-04-26 04:40,2025-04-26 03:04,2025-04-26 06:04,2025-04-26 03:04,2025-04-26 06:04,BOG,SKBO,1,,,2025-04-26 05:55,2025-04-26 10:55,2025-04-26 07:28,2025-04-26 12:28,,,,,,active,375,93,84.0,93.0,,1745664900,1745642400,1745670480.0,1745647440.0,,1745647440.0,84,Long Delay,Unknown,1
,SSQ,,SSQ2164,2164,SYD,YSSY,3,19,2025-04-26 15:05,2025-04-26 05:05,2025-04-26 16:05,2025-04-26 06:05,2025-04-26 16:05,2025-04-26 06:05,PQQ,YPMQ,,,,2025-04-26 16:05,2025-04-26 06:05,2025-04-26 17:02,2025-04-26 07:02,2025-04-26 17:02,2025-04-26 07:02,,,,landed,60,60,60.0,57.0,,1745647500,1745643900,1745650920.0,1745647500.0,1745650920.0,1745647500.0,60,Long Delay,3,Unknown
QF,QFA,QF2164,QFA2164,2164,SYD,YSSY,3,19,2025-04-26 15:05,2025-04-26 05:05,2025-04-26 16:05,2025-04-26 06:05,2025-04-26 16:05,2025-04-26 06:05,PQQ,YPMQ,,,,2025-04-26 16:05,2025-04-26 06:05,2025-04-26 17:02,2025-04-26 07:02,2025-04-26 17:02,2025-04-26 07:02,,2164,,landed,60,60,60.0,57.0,,1745647500,1745643900,1745650920.0,1745647500.0,1745650920.0,1745647500.0,60,Long Delay,3,Unknown
EK,UAE,EK5157,UAE5157,5157,SYD,YSSY,3,19,2025-04-26 15:05,2025-04-26 05:05,2025-04-26 16:05,2025-04-26 06:05,2025-04-26 16:05,2025-04-26 06:05,PQQ,YPMQ,,,,2025-04-26 16:05,2025-04-26 06:05,2025-04-26 17:02,2025-04-26 07:02,2025-04-26 17:02,2025-04-26 07:02,,2164,,landed,60,60,60.0,57.0,,1745647500,1745643900,1745650920.0,1745647500.0,1745650920.0,1745647500.0,60,Long Delay,3,Unknown
TR,TGW,TR8,TGW8,8,SIN,WSSS,1,C24,2025-04-26 12:00,2025-04-26 04:00,2025-04-26 14:05,2025-04-26 06:05,2025-04-26 14:05,2025-04-26 06:05,PER,YPPH,1,,,2025-04-26 17:10,2025-04-26 09:10,2025-04-26 19:22,2025-04-26 11:22,,,,,,active,310,125,125.0,132.0,B788,1745658600,1745640000,1745666520.0,1745647500.0,,1745647500.0,125,Long Delay,1,1
NZ,ANZ,NZ7086,ANZ7086,7086,SYD,YSSY,3,19,2025-04-26 15:05,2025-04-26 05:05,2025-04-26 16:05,2025-04-26 06:05,2025-04-26 16:05,2025-04-26 06:05,PQQ,YPMQ,,,,2025-04-26 16:05,2025-04-26 06:05,2025-04-26 17:02,2025-04-26 07:02,2025-04-26 17:02,2025-04-26 07:02,,2164,,landed,60,60,60.0,57.0,,1745647500,1745643900,1745650920.0,1745647500.0,1745650920.0,1745647500.0,60,Long Delay,3,Unknown
MU,CES,MU4164,CES4164,4164,SYD,YSSY,3,19,2025-04-26 15:05,2025-04-26 05:05,2025-04-26 16:05,2025-04-26 06:05,2025-04-26 16:05,2025-04-26 06:05,PQQ,YPMQ,,,,2025-04-26 16:05,2025-04-26 06:05,2025-04-26 17:02,2025-04-26 07:02,2025-04-26 17:02,2025-04-26 07:02,,2164,,landed,60,60,60.0,57.0,,1745647500,1745643900,1745650920.0,1745647500.0,1745650920.0,1745647500.0,60,Long Delay,3,Unknown
SQ,SIA,SQ8492,SIA8492,8492,SIN,WSSS,1,C24,2025-04-26 12:00,2025-04-26 04:00,2025-04-26 14:05,2025-04-26 06:05,2025-04-26 14:05,2025-04-26 06:05,PER,YPPH,1,,,2025-04-26 17:10,2025-04-26 09:10,2025-04-26 19:22,2025-04-26 11:22,,,TR,8,TR8,active,310,125,125.0,132.0,,1745658600,1745640000,1745666520.0,1745647500.0,,1745647500.0,125,Long Delay,1,1
W6,WZZ,W61559,WZZ1559,1559,WAW,EPWA,,,2025-04-26 06:10,2025-04-26 04:10,2025-04-26 08:06,2025-04-26 06:06,2025-04-26 08:06,2025-04-26 06:06,TLV,LLBG,3,,,2025-04-26 10:55,2025-04-26 07:55,2025-04-26 12:12,2025-04-26 09:12,,,,,,active,225,116,116.0,77.0,,1745654100,1745640600,1745658720.0,1745647560.0,,1745647560.0,116,Long Delay,Unknown,3
CA,CCA,CA937,CCA937,937,PEK,ZBAA,3,,2025-04-26 14:00,2025-04-26 06:00,2025-04-26 14:07,2025-04-26 06:07,2025-04-26 14:07,2025-04-26 06:07,LHR,EGLL,2,,,2025-04-26 17:45,2025-04-26 16:45,2025-04-26 19:10,2025-04-26 18:10,,,,,,active,645,85,7.0,85.0,,1745685900,1745647200,1745691000.0,1745647620.0,,1745647620.0,7,On Time,3,2
TP,TAP,TP8329,TAP8329,8329,PEK,ZBAA,3,,2025-04-26 14:00,2025-04-26 06:00,2025-04-26 14:07,2025-04-26 06:07,2025-04-26 14:07,2025-04-26 06:07,LHR,EGLL,2,,,2025-04-26 17:45,2025-04-26 16:45,2025-04-26 19:10,2025-04-26 18:10,,,CA,937,CA937,active,645,85,7.0,85.0,,1745685900,1745647200,1745691000.0,1745647620.0,,1745647620.0,7,On Time,3,2
IX,AXB,IX397,AXB397,397,CCJ,VOCL,,,2025-04-26 08:50,2025-04-26 03:20,2025-04-26 11:37,2025-04-26 06:07,2025-04-26 11:37,2025-04-26 06:07,JED,OEJN,,,,2025-04-26 12:30,2025-04-26 09:30,2025-04-26 15:22,2025-04-26 12:22,,,,,,active,370,172,167.0,172.0,,1745659800,1745637600,1745670120.0,1745647620.0,,1745647620.0,167,Long Delay,Unknown,Unknown
LP,LPE,LP2462,LPE2462,2462,LIM,SPJC,,18,2025-04-26 00:05,2025-04-26 05:05,2025-04-26 01:08,2025-04-26 06:08,2025-04-26 01:08,2025-04-26 06:08,CWB,SBCT,,,,2025-04-26 06:40,2025-04-26 09:40,2025-04-26 07:26,2025-04-26 10:26,,,,,,active,275,63,63.0,46.0,,1745660400,1745643900,1745663160.0,1745647680.0,,1745647680.0,63,Long Delay,Unknown,Unknown
SA,SAA,SA9061,SAA9061,9061,ACC,DGAA,3,,2025-04-26 04:00,2025-04-26 04:00,2025-04-26 06:08,2025-04-26 06:08,2025-04-26 06:08,2025-04-26 06:08,JNB,FAOR,A,,,2025-04-26 12:00,2025-04-26 10:00,2025-04-26 14:03,2025-04-26 12:03,,,,,,active,360,123,128.0,123.0,,1745661600,1745640000,1745668980.0,1745647680.0,,1745647680.0,128,Long Delay,3,A
UA,UAL,UA5018,UAL5018,5018,DEN,KDEN,,B59,2025-04-25 21:04,2025-04-26 03:04,2025-04-26 00:08,2025-04-26 06:08,2025-04-26 00:08,2025-04-26 06:08,RIW,KRIW,,,,2025-04-25 22:20,2025-04-26 04:20,2025-04-26 01:27,2025-04-26 07:27,,,OO,5018,OO5018,active,76,184,184.0,187.0,,1745641200,1745636640,1745652420.0,1745647680.0,,1745647680.0,184,Long Delay,Unknown,Unknown
CZ,CSN,CZ345,CSN345,345,PKX,ZBAD,,,2025-04-26 14:15,2025-04-26 06:15,2025-04-26 14:08,2025-04-26 06:08,2025-04-26 14:08,2025-04-26 06:08,AMS,EHAM,,E19,,2025-04-26 18:40,2025-04-26 16:40,2025-04-26 19:53,2025-04-26 17:53,,,,,,active,625,73,,73.0,,1745685600,1745648100,1745689980.0,1745647680.0,,1745647680.0,-7,,Unknown,Unknown
OO,SKW,OO5018,SKW5018,5018,DEN,KDEN,,B59,2025-04-25 21:04,2025-04-26 03:04,2025-04-26 00:08,2025-04-26 06:08,2025-04-26 00:08,2025-04-26 06:08,RIW,KRIW,,,,2025-04-25 22:20,2025-04-26 04:20,2025-04-26 01:27,2025-04-26 07:27,,,,,,active,76,184,184.0,187.0,CRJ2,1745641200,1745636640,1745652420.0,1745647680.0,,1745647680.0,184,Long Delay,Unknown,Unknown
LA,LAN,LA2462,LAN2462,2462,LIM,SPJC,,18,2025-04-26 00:05,2025-04-26 05:05,2025-04-26 01:08,2025-04-26 06:08,2025-04-26 01:08,2025-04-26 06:08,CWB,SBCT,,,,2025-04-26 06:40,2025-04-26 09:40,2025-04-26 07:26,2025-04-26 10:26,,,LP,2462,LP2462,active,275,63,63.0,46.0,A320,1745660400,1745643900,1745663160.0,1745647680.0,,1745647680.0,63,Long Delay,Unknown,Unknown
WN,SWA,WN236,SWA236,236,DEN,KDEN,,,2025-04-25 21:40,2025-04-26 03:40,2025-04-26 00:09,2025-04-26 06:09,2025-04-26 00:09,2025-04-26 06:09,GEG,KGEG,,,,2025-04-25 23:00,2025-04-26 06:00,2025-04-26 01:17,2025-04-26 08:17,,,,,,active,140,137,149.0,137.0,B38M,1745647200,1745638800,1745655420.0,1745647740.0,,1745647740.0,149,Long Delay,Unknown,Unknown
NP,NIA,NP174,NIA174,174,SHJ,OMSJ,,,2025-04-26 09:00,2025-04-26 05:00,2025-04-26 10:09,2025-04-26 06:09,2025-04-26 10:09,2025-04-26 06:09,CAI,HECA,1,,,2025-04-26 11:45,2025-04-26 08:45,,,,,,,,active,225,69,69.0,,A320,1745657100,1745643600,,1745647740.0,,1745647740.0,69,Long Delay,Unknown,1
UA,UAL,UA366,UAL366,366,DEN,KDEN,,B37,2025-04-25 19:25,2025-04-26 01:25,2025-04-26 00:10,2025-04-26 06:10,2025-04-26 00:10,2025-04-26 06:10,BIL,KBIL,,B4,,2025-04-25 20:58,2025-04-26 02:58,2025-04-26 01:47,2025-04-26 07:47,,,,,,active,93,289,285.0,289.0,A319,1745636280,1745630700,1745653620.0,1745647800.0,,1745647800.0,285,Long Delay,Unknown,Unknown
JX,SJX,JX742,SJX742,742,BKK,VTBS,,,2025-04-26 13:10,2025-04-26 06:10,,,,,TPE,RCTP,2,D8,,2025-04-26 18:00,2025-04-26 10:00,2025-04-26 19:43,2025-04-26 11:43,,,,,,scheduled,230,103,,103.0,,1745661600,1745647800,1745667780.0,,,,0,On Time,Unknown,2
AK,AXM,AK6465,AXM6465,6465,SBW,WBGS,,3B,2025-04-26 13:10,2025-04-26 05:10,2025-04-26 14:10,2025-04-26 06:10,2025-04-26 14:10,2025-04-26 06:10,KCH,WBGG,,,,2025-04-26 13:45,2025-04-26 05:45,2025-04-26 14:45,2025-04-26 06:45,2025-04-26 14:45,2025-04-26 06:45,,,,landed,35,60,60.0,60.0,,1745646300,1745644200,1745649900.0,1745647800.0,1745649900.0,1745647800.0,60,Long Delay,Unknown,Unknown
LH,DLH,LH8758,DLH8758,8758,DEN,KDEN,,B37,2025-04-25 19:25,2025-04-26 01:25,2025-04-26 00:10,2025-04-26 06:10,2025-04-26 00:10,2025-04-26 06:10,BIL,KBIL,,B4,,2025-04-25 20:58,2025-04-26 02:58,2025-04-26 01:47,2025-04-26 07:47,,,UA,366,UA366,active,93,289,285.0,289.0,,1745636280,1745630700,1745653620.0,1745647800.0,,1745647800.0,285,Long Delay,Unknown,Unknown
AC,ACA,AC5231,ACA5231,5231,DEN,KDEN,,B37,2025-04-25 19:25,2025-04-26 01:25,2025-04-26 00:10,2025-04-26 06:10,2025-04-26 00:10,2025-04-26 06:10,BIL,KBIL,,B4,,2025-04-25 20:58,2025-04-26 02:58,2025-04-26 01:47,2025-04-26 07:47,,,UA,366,UA366,active,93,289,285.0,289.0,,1745636280,1745630700,1745653620.0,1745647800.0,,1745647800.0,285,Long Delay,Unknown,Unknown
W6,WZZ,W62271,WZZ2271,2271,BUD,LHBP,,,2025-04-26 06:45,2025-04-26 04:45,2025-04-26 08:10,2025-04-26 06:10,2025-04-26 08:10,2025-04-26 06:10,EIN,EHEH,,,,2025-04-26 08:55,2025-04-26 06:55,2025-04-26 09:56,2025-04-26 07:56,,,,,,active,130,61,85.0,61.0,,1745650500,1745642700,1745654160.0,1745647800.0,,1745647800.0,85,Long Delay,Unknown,Unknown
TP,TAP,TP8335,TAP8335,8335,PEK,ZBAA,3,,2025-04-26 13:30,2025-04-26 05:30,2025-04-26 14:11,2025-04-26 06:11,2025-04-26 14:11,2025-04-26 06:11,FRA,EDDF,1,B45A,,2025-04-26 18:00,2025-04-26 16:00,2025-04-26 19:25,2025-04-26 17:25,,,CA,931,CA931,active,630,85,41.0,85.0,,1745683200,1745645400,1745688300.0,1745647860.0,,1745647860.0,41,Long Delay,3,1
CA,CCA,CA931,CCA931,931,PEK,ZBAA,3,,2025-04-26 13:30,2025-04-26 05:30,2025-04-26 14:11,2025-04-26 06:11,2025-04-26 14:11,2025-04-26 06:11,FRA,EDDF,1,B45A,,2025-04-26 18:00,2025-04-26 16:00,2025-04-26 19:25,2025-04-26 17:25,,,,,,active,630,85,41.0,85.0,,1745683200,1745645400,1745688300.0,1745647860.0,,1745647860.0,41,Long Delay,3,1
LH,DLH,LH7321,DLH7321,7321,PEK,ZBAA,3,,2025-04-26 13:30,2025-04-26 05:30,2025-04-26 14:11,2025-04-26 06:11,2025-04-26 14:11,2025-04-26 06:11,FRA,EDDF,1,B45A,,2025-04-26 18:00,2025-04-26 16:00,2025-04-26 19:25,2025-04-26 17:25,,,CA,931,CA931,active,630,85,41.0,85.0,,1745683200,1745645400,1745688300.0,1745647860.0,,1745647860.0,41,Long Delay,3,1
DY,NOZ,DY1050,NOZ1050,1050,OSL,ENGM,,D7,2025-04-26 07:00,2025-04-26 05:00,2025-04-26 08:12,2025-04-26 06:12,2025-04-26 08:12,2025-04-26 06:12,GDN,EPGD,,,,2025-04-26 08:25,2025-04-26 06:25,2025-04-26 09:30,2025-04-26 07:30,,,,,,active,85,72,72.0,65.0,B738,1745648700,1745643600,1745652600.0,1745647920.0,,1745647920.0,72,Long Delay,Unknown,Unknown
AZ,ITY,AZ2802,ITY2802,2802,HND,RJTT,2,51,2025-04-26 14:10,2025-04-26 05:10,2025-04-26 15:13,2025-04-26 06:13,2025-04-26 15:13,2025-04-26 06:13,AXT,RJSK,,,,2025-04-26 15:15,2025-04-26 06:15,2025-04-26 16:20,2025-04-26 07:20,2025-04-26 16:20,2025-04-26 07:20,NH,405,NH405,landed,65,63,63.0,65.0,,1745648100,1745644200,1745652000.0,1745647980.0,1745652000.0,1745647980.0,63,Long Delay,2,Unknown
LH,DLH,LH4900,DLH4900,4900,HND,RJTT,2,51,2025-04-26 14:10,2025-04-26 05:10,2025-04-26 15:13,2025-04-26 06:13,2025-04-26 15:13,2025-04-26 06:13,AXT,RJSK,,,,2025-04-26 15:15,2025-04-26 06:15,2025-04-26 16:20,2025-04-26 07:20,2025-04-26 16:20,2025-04-26 07:20,NH,405,NH405,landed,65,63,63.0,65.0,,1745648100,1745644200,1745652000.0,1745647980.0,1745652000.0,1745647980.0,63,Long Delay,2,Unknown
G4,AAY,G4991,AAY991,991,AVL,KAVL,,5,2025-04-25 21:33,2025-04-26 01:33,2025-04-26 02:13,2025-04-26 06:13,2025-04-26 02:13,2025-04-26 06:13,PIE,KPIE,,4,,2025-04-25 23:11,2025-04-26 03:11,2025-04-26 03:44,2025-04-26 07:44,,,,,,active,98,273,280.0,273.0,B38M,1745637060,1745631180,1745653440.0,1745647980.0,,1745647980.0,280,Long Delay,Unknown,Unknown
NH,ANA,NH405,ANA405,405,HND,RJTT,2,51,2025-04-26 14:10,2025-04-26 05:10,2025-04-26 15:13,2025-04-26 06:13,2025-04-26 15:13,2025-04-26 06:13,AXT,RJSK,,,,2025-04-26 15:15,2025-04-26 06:15,2025-04-26 16:20,2025-04-26 07:20,2025-04-26 16:20,2025-04-26 07:20,,,,landed,65,63,63.0,65.0,,1745648100,1745644200,1745652000.0,1745647980.0,1745652000.0,1745647980.0,63,Long Delay,2,Unknown
UA,UAL,UA5539,UAL5539,5539,ACV,KACV,,1,2025-04-25 16:36,2025-04-25 23:36,2025-04-25 23:14,2025-04-26 06:14,2025-04-25 23:14,2025-04-26 06:14,SFO,KSFO,3,F9,4,2025-04-25 17:49,2025-04-26 00:49,2025-04-26 00:15,2025-04-26 07:15,2025-04-26 00:15,2025-04-26 07:15,OO,5539,OO5539,landed,73,386,398.0,386.0,,1745628540,1745624160,1745651700.0,1745648040.0,1745651700.0,1745648040.0,398,Long Delay,Unknown,3
F9,FFT,F94345,FFT4345,4345,DEN,KDEN,,A76,2025-04-25 22:53,2025-04-26 04:53,2025-04-26 00:14,2025-04-26 06:14,2025-04-26 00:14,2025-04-26 06:14,LAX,KLAX,1,,,2025-04-26 00:31,2025-04-26 07:31,2025-04-26 01:42,2025-04-26 08:42,,,,,,active,158,71,81.0,71.0,A21N,1745652660,1745643180,1745656920.0,1745648040.0,,1745648040.0,81,Long Delay,Unknown,1
NZ,ANZ,NZ9338,ANZ9338,9338,ACV,KACV,,1,2025-04-25 16:36,2025-04-25 23:36,2025-04-25 23:14,2025-04-26 06:14,2025-04-25 23:14,2025-04-26 06:14,SFO,KSFO,3,F9,4,2025-04-25 17:49,2025-04-26 00:49,2025-04-26 00:15,2025-04-26 07:15,2025-04-26 00:15,2025-04-26 07:15,OO,5539,OO5539,landed,73,386,398.0,386.0,,1745628540,1745624160,1745651700.0,1745648040.0,1745651700.0,1745648040.0,398,Long Delay,Unknown,3
CM,CMP,CM2470,CMP2470,2470,ACV,KACV,,1,2025-04-25 16:36,2025-04-25 23:36,2025-04-25 23:14,2025-04-26 06:14,2025-04-25 23:14,2025-04-26 06:14,SFO,KSFO,3,F9,4,2025-04-25 17:49,2025-04-26 00:49,2025-04-26 00:15,2025-04-26 07:15,2025-04-26 00:15,2025-04-26 07:15,OO,5539,OO5539,landed,73,386,398.0,386.0,,1745628540,1745624160,1745651700.0,1745648040.0,1745651700.0,1745648040.0,398,Long Delay,Unknown,3
OO,SKW,OO5539,SKW5539,5539,ACV,KACV,,1,2025-04-25 16:36,2025-04-25 23:36,2025-04-25 23:14,2025-04-26 06:14,2025-04-25 23:14,2025-04-26 06:14,SFO,KSFO,3,F9,4,2025-04-25 17:49,2025-04-26 00:49,2025-04-26 00:15,2025-04-26 07:15,2025-04-26 00:15,2025-04-26 07:15,,,,landed,73,386,398.0,386.0,,1745628540,1745624160,1745651700.0,1745648040.0,1745651700.0,1745648040.0,398,Long Delay,Unknown,3
QF,QFA,QF170,QFA170,170,CHC,NZCH,,I32,2025-04-26 15:45,2025-04-26 03:45,2025-04-26 18:15,2025-04-26 06:15,2025-04-26 18:15,2025-04-26 06:15,MEL,YMML,2,16B,,2025-04-26 17:35,2025-04-26 07:35,2025-04-26 19:40,2025-04-26 09:40,,,,,,active,230,125,150.0,125.0,B738,1745652900,1745639100,1745660400.0,1745648100.0,,1745648100.0,150,Long Delay,Unknown,2
UA,UAL,UA206,UAL206,206,BOG,SKBO,1,B2,2025-04-26 00:14,2025-04-26 05:14,2025-04-26 01:15,2025-04-26 06:15,2025-04-26 01:15,2025-04-26 06:15,IAH,KIAH,E,23,F7,2025-04-26 05:24,2025-04-26 10:24,2025-04-26 06:26,2025-04-26 11:26,,,,,,active,310,62,61.0,62.0,B38M,1745663040,1745644440,1745666760.0,1745648100.0,,1745648100.0,61,Long Delay,1,E
NZ,ANZ,NZ9955,ANZ9955,9955,BOG,SKBO,1,B2,2025-04-26 00:14,2025-04-26 05:14,2025-04-26 01:15,2025-04-26 06:15,2025-04-26 01:15,2025-04-26 06:15,IAH,KIAH,E,23,F7,2025-04-26 05:24,2025-04-26 10:24,2025-04-26 06:26,2025-04-26 11:26,,,UA,206,UA206,active,310,62,61.0,62.0,,1745663040,1745644440,1745666760.0,1745648100.0,,1745648100.0,61,Long Delay,1,E
NH,ANA,NH7051,ANA7051,7051,BOG,SKBO,1,B2,2025-04-26 00:14,2025-04-26 05:14,2025-04-26 01:15,2025-04-26 06:15,2025-04-26 01:15,2025-04-26 06:15,IAH,KIAH,E,23,F7,2025-04-26 05:24,2025-04-26 10:24,2025-04-26 06:26,2025-04-26 11:26,,,UA,206,UA206,active,310,62,61.0,62.0,,1745663040,1745644440,1745666760.0,1745648100.0,,1745648100.0,61,Long Delay,1,E
WN,SWA,WN368,SWA368,368,OAK,KOAK,2,26,2025-04-25 20:25,2025-04-26 03:25,2025-04-25 23:15,2025-04-26 06:15,2025-04-25 23:15,2025-04-26 06:15,SEA,KSEA,,,,2025-04-25 22:30,2025-04-26 05:30,2025-04-26 01:12,2025-04-26 08:12,,,,,,active,125,162,170.0,162.0,B38M,1745645400,1745637900,1745655120.0,1745648100.0,,1745648100.0,170,Long Delay,2,Unknown
HF,VRE,HF903,VRE903,903,JNB,FAOR,B,9,2025-04-26 05:45,2025-04-26 03:45,2025-04-26 08:15,2025-04-26 06:15,2025-04-26 08:15,2025-04-26 06:15,FIH,FZAA,2,,,2025-04-26 09:20,2025-04-26 08:20,2025-04-26 11:35,2025-04-26 10:35,,,,,,active,275,135,150.0,135.0,,1745655600,1745639100,1745663700.0,1745648100.0,,1745648100.0,150,Long Delay,B,2
MS,MSR,MS636,MSR636,636,EBL,ORER,,205,2025-04-26 07:00,2025-04-26 04:00,2025-04-26 09:15,2025-04-26 06:15,2025-04-26 09:15,2025-04-26 06:15,CAI,HECA,3,,,2025-04-26 09:35,2025-04-26 06:35,,,,,,,,active,155,135,135.0,,,1745649300,1745640000,,1745648100.0,,1745648100.0,135,Long Delay,Unknown,3
EK,UAE,EK5388,UAE5388,5388,CHC,NZCH,,I32,2025-04-26 15:45,2025-04-26 03:45,2025-04-26 18:15,2025-04-26 06:15,2025-04-26 18:15,2025-04-26 06:15,MEL,YMML,2,16B,,2025-04-26 17:35,2025-04-26 07:35,2025-04-26 19:40,2025-04-26 09:40,,,QF,170,QF170,active,230,125,150.0,125.0,,1745652900,1745639100,1745660400.0,1745648100.0,,1745648100.0,150,Long Delay,Unknown,2
AV,AVA,AV2246,AVA2246,2246,BOG,SKBO,1,B2,2025-04-26 00:14,2025-04-26 05:14,2025-04-26 01:15,2025-04-26 06:15,2025-04-26 01:15,2025-04-26 06:15,IAH,KIAH,E,23,F7,2025-04-26 05:24,2025-04-26 10:24,2025-04-26 06:26,2025-04-26 11:26,,,UA,206,UA206,active,310,62,61.0,62.0,,1745663040,1745644440,1745666760.0,1745648100.0,,1745648100.0,61,Long Delay,1,E
6E,IGO,6E4107,IGO4107,4107,IST,LTFM,,D7,2025-04-26 07:50,2025-04-26 04:50,2025-04-26 09:16,2025-04-26 06:16,2025-04-26 09:16,2025-04-26 06:16,VIE,LOWW,1,,,2025-04-26 09:05,2025-04-26 07:05,2025-04-26 10:31,2025-04-26 08:31,,,TK,1883,TK1883,active,135,86,86.0,86.0,,1745651100,1745643000,1745656260.0,1745648160.0,,1745648160.0,86,Long Delay,Unknown,1
KL,KLM,KL5682,KLM5682,5682,ATL,KATL,S,C31,2025-04-25 21:20,2025-04-26 01:20,2025-04-26 02:16,2025-04-26 06:16,2025-04-26 02:16,2025-04-26 06:16,TRI,KTRI,,5,,2025-04-25 22:29,2025-04-26 02:29,2025-04-26 03:43,2025-04-26 07:43,,,9E,5338,9E5338,active,69,314,296.0,314.0,,1745634540,1745630400,1745653380.0,1745648160.0,,1745648160.0,296,Long Delay,S,Unknown
TK,THY,TK1883,THY1883,1883,IST,LTFM,,D7,2025-04-26 07:50,2025-04-26 04:50,2025-04-26 09:16,2025-04-26 06:16,2025-04-26 09:16,2025-04-26 06:16,VIE,LOWW,1,,,2025-04-26 09:05,2025-04-26 07:05,2025-04-26 10:31,2025-04-26 08:31,,,,,,active,135,86,86.0,86.0,A359,1745651100,1745643000,1745656260.0,1745648160.0,,1745648160.0,86,Long Delay,Unknown,1
DL,DAL,DL5338,DAL5338,5338,ATL,KATL,S,C31,2025-04-25 21:20,2025-04-26 01:20,2025-04-26 02:16,2025-04-26 06:16,2025-04-26 02:16,2025-04-26 06:16,TRI,KTRI,,5,,2025-04-25 22:29,2025-04-26 02:29,2025-04-26 03:43,2025-04-26 07:43,,,9E,5338,9E5338,active,69,314,296.0,314.0,CRJ9,1745634540,1745630400,1745653380.0,1745648160.0,,1745648160.0,296,Long Delay,S,Unknown
VS,VIR,VS2700,VIR2700,2700,ATL,KATL,S,C31,2025-04-25 21:20,2025-04-26 01:20,2025-04-26 02:16,2025-04-26 06:16,2025-04-26 02:16,2025-04-26 06:16,TRI,KTRI,,5,,2025-04-25 22:29,2025-04-26 02:29,2025-04-26 03:43,2025-04-26 07:43,,,9E,5338,9E5338,active,69,314,296.0,314.0,,1745634540,1745630400,1745653380.0,1745648160.0,,1745648160.0,296,Long Delay,S,Unknown
AF,AFR,AF2894,AFR2894,2894,ATL,KATL,S,C31,2025-04-25 21:20,2025-04-26 01:20,2025-04-26 02:16,2025-04-26 06:16,2025-04-26 02:16,2025-04-26 06:16,TRI,KTRI,,5,,2025-04-25 22:29,2025-04-26 02:29,2025-04-26 03:43,2025-04-26 07:43,,,9E,5338,9E5338,active,69,314,296.0,314.0,,1745634540,1745630400,1745653380.0,1745648160.0,,1745648160.0,296,Long Delay,S,Unknown
OM,MGL,OM1139,MGL1139,1139,IST,LTFM,,D7,2025-04-26 07:50,2025-04-26 04:50,2025-04-26 09:16,2025-04-26 06:16,2025-04-26 09:16,2025-04-26 06:16,VIE,LOWW,1,,,2025-04-26 09:05,2025-04-26 07:05,2025-04-26 10:31,2025-04-26 08:31,,,TK,1883,TK1883,active,135,86,86.0,86.0,,1745651100,1745643000,1745656260.0,1745648160.0,,1745648160.0,86,Long Delay,Unknown,1
J2,AHY,J26883,AHY6883,6883,IST,LTFM,,D7,2025-04-26 07:50,2025-04-26 04:50,2025-04-26 09:16,2025-04-26 06:16,2025-04-26 09:16,2025-04-26 06:16,VIE,LOWW,1,,,2025-04-26 09:05,2025-04-26 07:05,2025-04-26 10:31,2025-04-26 08:31,,,TK,1883,TK1883,active,135,86,86.0,86.0,,1745651100,1745643000,1745656260.0,1745648160.0,,1745648160.0,86,Long Delay,Unknown,1
KE,KAL,KE7043,KAL7043,7043,ATL,KATL,S,C31,2025-04-25 21:20,2025-04-26 01:20,2025-04-26 02:16,2025-04-26 06:16,2025-04-26 02:16,2025-04-26 06:16,TRI,KTRI,,5,,2025-04-25 22:29,2025-04-26 02:29,2025-04-26 03:43,2025-04-26 07:43,,,9E,5338,9E5338,active,69,314,296.0,314.0,,1745634540,1745630400,1745653380.0,1745648160.0,,1745648160.0,296,Long Delay,S,Unknown
9E,EDV,9E5338,EDV5338,5338,ATL,KATL,S,C31,2025-04-25 21:20,2025-04-26 01:20,2025-04-26 02:16,2025-04-26 06:16,2025-04-26 02:16,2025-04-26 06:16,TRI,KTRI,,5,,2025-04-25 22:29,2025-04-26 02:29,2025-04-26 03:43,2025-04-26 07:43,,,,,,active,69,314,296.0,314.0,,1745634540,1745630400,1745653380.0,1745648160.0,,1745648160.0,296,Long Delay,S,Unknown
TG,THA,TG9050,THA9050,9050,IST,LTFM,,D7,2025-04-26 07:50,2025-04-26 04:50,2025-04-26 09:16,2025-04-26 06:16,2025-04-26 09:16,2025-04-26 06:16,VIE,LOWW,1,,,2025-04-26 09:05,2025-04-26 07:05,2025-04-26 10:31,2025-04-26 08:31,,,TK,1883,TK1883,active,135,86,86.0,86.0,,1745651100,1745643000,1745656260.0,1745648160.0,,1745648160.0,86,Long Delay,Unknown,1
AM,AMX,AM3503,AMX3503,3503,ATL,KATL,S,C31,2025-04-25 21:20,2025-04-26 01:20,2025-04-26 02:16,2025-04-26 06:16,2025-04-26 02:16,2025-04-26 06:16,TRI,KTRI,,5,,2025-04-25 22:29,2025-04-26 02:29,2025-04-26 03:43,2025-04-26 07:43,,,9E,5338,9E5338,active,69,314,296.0,314.0,,1745634540,1745630400,1745653380.0,1745648160.0,,1745648160.0,296,Long Delay,S,Unknown
SK,SAS,SK3565,SAS3565,3565,ATL,KATL,S,C31,2025-04-25 21:20,2025-04-26 01:20,2025-04-26 02:16,2025-04-26 06:16,2025-04-26 02:16,2025-04-26 06:16,TRI,KTRI,,5,,2025-04-25 22:29,2025-04-26 02:29,2025-04-26 03:43,2025-04-26 07:43,,,9E,5338,9E5338,active,69,314,296.0,314.0,,1745634540,1745630400,1745653380.0,1745648160.0,,1745648160.0,296,Long Delay,S,Unknown
WS,WJA,WS8707,WJA8707,8707,ATL,KATL,S,C31,2025-04-25 21:20,2025-04-26 01:20,2025-04-26 02:16,2025-04-26 06:16,2025-04-26 02:16,2025-04-26 06:16,TRI,KTRI,,5,,2025-04-25 22:29,2025-04-26 02:29,2025-04-26 03:43,2025-04-26 07:43,,,9E,5338,9E5338,active,69,314,296.0,314.0,,1745634540,1745630400,1745653380.0,1745648160.0,,1745648160.0,296,Long Delay,S,Unknown
HU,CHH,HU7545,CHH7545,7545,LYG,ZSLG,,,2025-04-26 11:20,2025-04-26 03:20,2025-04-26 14:17,2025-04-26 06:17,2025-04-26 14:17,2025-04-26 06:17,HYN,ZSLQ,,,,2025-04-26 12:55,2025-04-26 04:55,2025-04-26 15:52,2025-04-26 07:52,,,,,,active,95,177,177.0,177.0,B738,1745643300,1745637600,1745653920.0,1745648220.0,,1745648220.0,177,Long Delay,Unknown,Unknown
VA,VOZ,VA5740,VOZ5740,5740,SIN,WSSS,2,F37,2025-04-26 13:15,2025-04-26 05:15,2025-04-26 14:18,2025-04-26 06:18,2025-04-26 14:18,2025-04-26 06:18,HKT,VTSP,,,,2025-04-26 14:10,2025-04-26 07:10,2025-04-26 15:12,2025-04-26 08:12,,,SQ,732,SQ732,active,115,63,63.0,62.0,,1745651400,1745644500,1745655120.0,1745648280.0,,1745648280.0,63,Long Delay,2,Unknown
SQ,SIA,SQ732,SIA732,732,SIN,WSSS,2,F37,2025-04-26 13:15,2025-04-26 05:15,2025-04-26 14:18,2025-04-26 06:18,2025-04-26 14:18,2025-04-26 06:18,HKT,VTSP,,,,2025-04-26 14:10,2025-04-26 07:10,2025-04-26 15:12,2025-04-26 08:12,,,,,,active,115,63,63.0,62.0,B38M,1745651400,1745644500,1745655120.0,1745648280.0,,1745648280.0,63,Long Delay,2,Unknown
NZ,ANZ,NZ3494,ANZ3494,3494,SIN,WSSS,2,F37,2025-04-26 13:15,2025-04-26 05:15,2025-04-26 14:18,2025-04-26 06:18,2025-04-26 14:18,2025-04-26 06:18,HKT,VTSP,,,,2025-04-26 14:10,2025-04-26 07:10,2025-04-26 15:12,2025-04-26 08:12,,,SQ,732,SQ732,active,115,63,63.0,62.0,,1745651400,1745644500,1745655120.0,1745648280.0,,1745648280.0,63,Long Delay,2,Unknown
PG,BKP,PG4726,BKP4726,4726,SIN,WSSS,2,F37,2025-04-26 13:15,2025-04-26 05:15,2025-04-26 14:18,2025-04-26 06:18,2025-04-26 14:18,2025-04-26 06:18,HKT,VTSP,,,,2025-04-26 14:10,2025-04-26 07:10,2025-04-26 15:12,2025-04-26 08:12,,,SQ,732,SQ732,active,115,63,63.0,62.0,,1745651400,1745644500,1745655120.0,1745648280.0,,1745648280.0,63,Long Delay,2,Unknown
AF,AFR,AF7241,AFR7241,7241,SIN,WSSS,2,F37,2025-04-26 13:15,2025-04-26 05:15,2025-04-26 14:18,2025-04-26 06:18,2025-04-26 14:18,2025-04-26 06:18,HKT,VTSP,,,,2025-04-26 14:10,2025-04-26 07:10,2025-04-26 15:12,2025-04-26 08:12,,,SQ,732,SQ732,active,115,63,63.0,62.0,,1745651400,1745644500,1745655120.0,1745648280.0,,1745648280.0,63,Long Delay,2,Unknown
KE,KAL,KE6734,KAL6734,6734,ATL,KATL,S,A7,2025-04-25 22:59,2025-04-26 02:59,2025-04-26 02:19,2025-04-26 06:19,2025-04-26 02:19,2025-04-26 06:19,JAX,KJAX,,A9,1,2025-04-26 00:08,2025-04-26 04:08,2025-04-26 03:19,2025-04-26 07:19,2025-04-26 03:19,2025-04-26 07:19,DL,2276,DL2276,landed,69,191,200.0,191.0,,1745640480,1745636340,1745651940.0,1745648340.0,1745651940.0,1745648340.0,200,Long Delay,S,Unknown
AM,AMX,AM3583,AMX3583,3583,ATL,KATL,S,A7,2025-04-25 22:59,2025-04-26 02:59,2025-04-26 02:19,2025-04-26 06:19,2025-04-26 02:19,2025-04-26 06:19,JAX,KJAX,,A9,1,2025-04-26 00:08,2025-04-26 04:08,2025-04-26 03:19,2025-04-26 07:19,2025-04-26 03:19,2025-04-26 07:19,DL,2276,DL2276,landed,69,191,200.0,191.0,,1745640480,1745636340,1745651940.0,1745648340.0,1745651940.0,1745648340.0,200,Long Delay,S,Unknown
LA,LAN,LA8491,LAN8491,8491,ATL,KATL,S,A7,2025-04-25 22:59,2025-04-26 02:59,2025-04-26 02:19,2025-04-26 06:19,2025-04-26 02:19,2025-04-26 06:19,JAX,KJAX,,A9,1,2025-04-26 00:08,2025-04-26 04:08,2025-04-26 03:19,2025-04-26 07:19,2025-04-26 03:19,2025-04-26 07:19,DL,2276,DL2276,landed,69,191,200.0,191.0,,1745640480,1745636340,1745651940.0,1745648340.0,1745651940.0,1745648340.0,200,Long Delay,S,Unknown
DL,DAL,DL2276,DAL2276,2276,ATL,KATL,S,A7,2025-04-25 22:59,2025-04-26 02:59,2025-04-26 02:19,2025-04-26 06:19,2025-04-26 02:19,2025-04-26 06:19,JAX,KJAX,,A9,1,2025-04-26 00:08,2025-04-26 04:08,2025-04-26 03:19,2025-04-26 07:19,2025-04-26 03:19,2025-04-26 07:19,,,,landed,69,191,200.0,191.0,,1745640480,1745636340,1745651940.0,1745648340.0,1745651940.0,1745648340.0,200,Long Delay,S,Unknown
KL,KLM,KL6862,KLM6862,6862,ATL,KATL,S,A7,2025-04-25 22:59,2025-04-26 02:59,2025-04-26 02:19,2025-04-26 06:19,2025-04-26 02:19,2025-04-26 06:19,JAX,KJAX,,A9,1,2025-04-26 00:08,2025-04-26 04:08,2025-04-26 03:19,2025-04-26 07:19,2025-04-26 03:19,2025-04-26 07:19,DL,2276,DL2276,landed,69,191,200.0,191.0,,1745640480,1745636340,1745651940.0,1745648340.0,1745651940.0,1745648340.0,200,Long Delay,S,Unknown
VJ,VJC,VJ1383,VJC1383,1383,UIH,VVPC,,,2025-04-26 11:40,2025-04-26 04:40,2025-04-26 13:19,2025-04-26 06:19,2025-04-26 13:19,2025-04-26 06:19,SGN,VVTS,1,,,2025-04-26 12:45,2025-04-26 05:45,2025-04-26 14:14,2025-04-26 07:14,2025-04-26 14:14,2025-04-26 07:14,,,,landed,65,89,,89.0,,1745646300,1745642400,1745651640.0,1745648340.0,1745651640.0,1745648340.0,99,Long Delay,Unknown,1
VS,VIR,VS3079,VIR3079,3079,ATL,KATL,S,A7,2025-04-25 22:59,2025-04-26 02:59,2025-04-26 02:19,2025-04-26 06:19,2025-04-26 02:19,2025-04-26 06:19,JAX,KJAX,,A9,1,2025-04-26 00:08,2025-04-26 04:08,2025-04-26 03:19,2025-04-26 07:19,2025-04-26 03:19,2025-04-26 07:19,DL,2276,DL2276,landed,69,191,200.0,191.0,,1745640480,1745636340,1745651940.0,1745648340.0,1745651940.0,1745648340.0,200,Long Delay,S,Unknown
BA,BAW,BA256,BAW256,256,DEL,VIDP,T3,17,2025-04-26 10:05,2025-04-26 04:35,2025-04-26 11:50,2025-04-26 06:20,2025-04-26 11:50,2025-04-26 06:20,LHR,EGLL,5,,,2025-04-26 15:25,2025-04-26 14:25,2025-04-26 16:47,2025-04-26 15:47,,,,,,active,590,82,105.0,82.0,A35K,1745677500,1745642100,1745682420.0,1745648400.0,,1745648400.0,105,Long Delay,T3,5
AA,AAL,AA6664,AAL6664,6664,DEL,VIDP,T3,17,2025-04-26 10:05,2025-04-26 04:35,2025-04-26 11:50,2025-04-26 06:20,2025-04-26 11:50,2025-04-26 06:20,LHR,EGLL,5,,,2025-04-26 15:25,2025-04-26 14:25,2025-04-26 16:47,2025-04-26 15:47,,,BA,256,BA256,active,590,82,105.0,82.0,,1745677500,1745642100,1745682420.0,1745648400.0,,1745648400.0,105,Long Delay,T3,5
VY,VLG,VY8619,VLG8619,8619,ORY,LFPO,1,A16,2025-04-26 07:15,2025-04-26 05:15,2025-04-26 08:21,2025-04-26 06:21,2025-04-26 08:21,2025-04-26 06:21,OVD,LEAS,,,3,2025-04-26 09:00,2025-04-26 07:00,2025-04-26 10:02,2025-04-26 08:02,,,,,,active,105,66,66.0,62.0,A320,1745650800,1745644500,1745654520.0,1745648460.0,,1745648460.0,66,Long Delay,1,Unknown
QW,QDA,QW6031,QDA6031,6031,YNT,ZSYT,T2,,2025-04-26 13:00,2025-04-26 05:00,2025-04-26 14:22,2025-04-26 06:22,2025-04-26 14:22,2025-04-26 06:22,CKG,ZUCK,T2,,,2025-04-26 15:55,2025-04-26 07:55,2025-04-26 17:19,2025-04-26 09:19,,,,,,active,175,82,82.0,84.0,A320,1745654100,1745643600,1745659140.0,1745648520.0,,1745648520.0,82,Long Delay,T2,T2
TK,THY,TK2429,THY2429,2429,AYT,LTAI,D,210,2025-04-26 07:30,2025-04-26 04:30,2025-04-26 09:22,2025-04-26 06:22,2025-04-26 09:22,2025-04-26 06:22,IST,LTFM,,,1A,2025-04-26 09:00,2025-04-26 06:00,2025-04-26 11:02,2025-04-26 08:02,,,,,,active,90,122,112.0,122.0,A321,1745647200,1745641800,1745654520.0,1745648520.0,,1745648520.0,112,Long Delay,D,Unknown
5J,CEB,5J773,CEB773,773,MNL,RPLL,3,,2025-04-26 13:05,2025-04-26 05:05,2025-04-26 14:24,2025-04-26 06:24,2025-04-26 14:24,2025-04-26 06:24,PAG,RPMP,,,,2025-04-26 14:55,2025-04-26 06:55,,,,,,,,active,110,79,79.0,,A20N,1745650500,1745643900,,1745648640.0,,1745648640.0,79,Long Delay,3,Unknown
TV,TBA,TV6035,TBA6035,6035,MIG,ZUMY,T1,,2025-04-26 12:10,2025-04-26 04:10,2025-04-26 14:24,2025-04-26 06:24,2025-04-26 14:24,2025-04-26 06:24,DLU,ZPDL,,,B1,2025-04-26 13:45,2025-04-26 05:45,2025-04-26 16:06,2025-04-26 08:06,,,,,,active,95,134,134.0,141.0,A319,1745646300,1745640600,1745654760.0,1745648640.0,,1745648640.0,134,Long Delay,T1,Unknown
WN,SWA,WN4471,SWA4471,4471,DEN,KDEN,,,2025-04-25 21:35,2025-04-26 03:35,2025-04-26 00:24,2025-04-26 06:24,2025-04-26 00:24,2025-04-26 06:24,RNO,KRNO,,,,2025-04-25 22:55,2025-04-26 05:55,2025-04-26 01:34,2025-04-26 08:34,,,,,,active,140,159,169.0,159.0,B738,1745646900,1745638500,1745656440.0,1745648640.0,,1745648640.0,169,Long Delay,Unknown,Unknown
DL,DAL,DL417,DAL417,417,LAS,KLAS,1,D41,2025-04-25 22:10,2025-04-26 05:10,2025-04-25 23:25,2025-04-26 06:25,2025-04-25 23:25,2025-04-26 06:25,ATL,KATL,S,T4,8,2025-04-26 05:03,2025-04-26 09:03,2025-04-26 05:59,2025-04-26 09:59,,,,,,active,233,75,75.0,56.0,A321,1745658180,1745644200,1745661540.0,1745648700.0,,1745648700.0,75,Long Delay,1,S
KE,KAL,KE3799,KAL3799,3799,LAS,KLAS,1,D41,2025-04-25 22:10,2025-04-26 05:10,2025-04-25 23:25,2025-04-26 06:25,2025-04-25 23:25,2025-04-26 06:25,ATL,KATL,S,T4,8,2025-04-26 05:03,2025-04-26 09:03,2025-04-26 05:59,2025-04-26 09:59,,,DL,417,DL417,active,233,75,75.0,56.0,,1745658180,1745644200,1745661540.0,1745648700.0,,1745648700.0,75,Long Delay,1,S
DP,PBD,DP737,PBD737,737,VKO,UUWW,A,25A,2025-04-26 07:50,2025-04-26 04:50,2025-04-26 09:25,2025-04-26 06:25,2025-04-26 09:25,2025-04-26 06:25,IST,LTFM,,,,2025-04-26 12:55,2025-04-26 09:55,2025-04-26 14:24,2025-04-26 11:24,,,,,,active,305,95,95.0,89.0,,1745661300,1745643000,1745666640.0,1745648700.0,,1745648700.0,95,Long Delay,A,Unknown
TV,TBA,TV9851,TBA9851,9851,LXA,ZULS,T3,,2025-04-26 12:50,2025-04-26 04:50,2025-04-26 14:26,2025-04-26 06:26,2025-04-26 14:26,2025-04-26 06:26,CSX,ZGHA,1,,,2025-04-26 15:55,2025-04-26 07:55,,,,,,,,active,185,96,96.0,,,1745654100,1745643000,,1745648760.0,,1745648760.0,96,Long Delay,T3,1
XQ,SXS,XQ170,SXS170,170,AYT,LTAI,1,,2025-04-26 07:00,2025-04-26 04:00,2025-04-26 09:28,2025-04-26 06:28,2025-04-26 09:28,2025-04-26 06:28,HAM,EDDH,2,,,2025-04-26 09:55,2025-04-26 07:55,2025-04-26 11:55,2025-04-26 09:55,,,,,,active,235,120,148.0,120.0,B738,1745654100,1745640000,1745661300.0,1745648880.0,,1745648880.0,148,Long Delay,1,2
,NTH,,NTH2749,2749,OKD,RJCO,,1,2025-04-26 12:45,2025-04-26 03:45,2025-04-26 15:29,2025-04-26 06:29,2025-04-26 15:29,2025-04-26 06:29,HKD,RJCH,,,,2025-04-26 13:25,2025-04-26 04:25,2025-04-26 16:09,2025-04-26 07:09,2025-04-26 16:09,2025-04-26 07:09,,,,landed,40,164,164.0,164.0,,1745641500,1745639100,1745651340.0,1745648940.0,1745651340.0,1745648940.0,164,Long Delay,Unknown,Unknown
AC,ACA,AC472,ACA472,472,YYZ,CYYZ,1,,2025-04-26 00:30,2025-04-26 04:30,2025-04-26 02:29,2025-04-26 06:29,2025-04-26 02:29,2025-04-26 06:29,YOW,CYOW,,17,3,2025-04-26 01:34,2025-04-26 05:34,2025-04-26 03:23,2025-04-26 07:23,2025-04-26 03:23,2025-04-26 07:23,,,,landed,64,119,119.0,109.0,A321,1745645640,1745641800,1745652180.0,1745648940.0,1745652180.0,1745648940.0,119,Long Delay,1,Unknown
OZ,AAR,OZ6125,AAR6125,6125,YYZ,CYYZ,1,,2025-04-26 00:30,2025-04-26 04:30,2025-04-26 02:29,2025-04-26 06:29,2025-04-26 02:29,2025-04-26 06:29,YOW,CYOW,,17,3,2025-04-26 01:34,2025-04-26 05:34,2025-04-26 03:23,2025-04-26 07:23,2025-04-26 03:23,2025-04-26 07:23,AC,472,AC472,landed,64,119,119.0,109.0,,1745645640,1745641800,1745652180.0,1745648940.0,1745652180.0,1745648940.0,119,Long Delay,1,Unknown
JL,JAL,JL2749,JAL2749,2749,OKD,RJCO,,1,2025-04-26 12:45,2025-04-26 03:45,2025-04-26 15:29,2025-04-26 06:29,2025-04-26 15:29,2025-04-26 06:29,HKD,RJCH,,,,2025-04-26 13:25,2025-04-26 04:25,2025-04-26 16:09,2025-04-26 07:09,2025-04-26 16:09,2025-04-26 07:09,,2749,,landed,40,164,164.0,164.0,,1745641500,1745639100,1745651340.0,1745648940.0,1745651340.0,1745648940.0,164,Long Delay,Unknown,Unknown
AV,AVA,AV2852,AVA2852,2852,YYZ,CYYZ,1,,2025-04-26 00:30,2025-04-26 04:30,2025-04-26 02:29,2025-04-26 06:29,2025-04-26 02:29,2025-04-26 06:29,YOW,CYOW,,17,3,2025-04-26 01:34,2025-04-26 05:34,2025-04-26 03:23,2025-04-26 07:23,2025-04-26 03:23,2025-04-26 07:23,AC,472,AC472,landed,64,119,119.0,109.0,,1745645640,1745641800,1745652180.0,1745648940.0,1745652180.0,1745648940.0,119,Long Delay,1,Unknown
TP,TAP,TP8050,TAP8050,8050,YYZ,CYYZ,1,,2025-04-26 00:30,2025-04-26 04:30,2025-04-26 02:29,2025-04-26 06:29,2025-04-26 02:29,2025-04-26 06:29,YOW,CYOW,,17,3,2025-04-26 01:34,2025-04-26 05:34,2025-04-26 03:23,2025-04-26 07:23,2025-04-26 03:23,2025-04-26 07:23,AC,472,AC472,landed,64,119,119.0,109.0,,1745645640,1745641800,1745652180.0,1745648940.0,1745652180.0,1745648940.0,119,Long Delay,1,Unknown
BR,EVA,BR3142,EVA3142,3142,YYZ,CYYZ,1,,2025-04-26 00:30,2025-04-26 04:30,2025-04-26 02:29,2025-04-26 06:29,2025-04-26 02:29,2025-04-26 06:29,YOW,CYOW,,17,3,2025-04-26 01:34,2025-04-26 05:34,2025-04-26 03:23,2025-04-26 07:23,2025-04-26 03:23,2025-04-26 07:23,AC,472,AC472,landed,64,119,119.0,109.0,,1745645640,1745641800,1745652180.0,1745648940.0,1745652180.0,1745648940.0,119,Long Delay,1,Unknown
AI,AIC,AI2107,AIC2107,2107,BOM,VABB,2,46B,2025-04-26 10:05,2025-04-26 04:35,2025-04-26 11:59,2025-04-26 06:29,2025-04-26 11:59,2025-04-26 06:29,SIN,WSSS,2,F41,,2025-04-26 18:30,2025-04-26 10:30,2025-04-26 19:54,2025-04-26 11:54,,,,,,active,355,84,114.0,84.0,A21N,1745663400,1745642100,1745668440.0,1745648940.0,,1745648940.0,114,Long Delay,2,2
FR,RYR,FR2537,RYR2537,2537,STN,EGSS,,,2025-04-26 06:20,2025-04-26 05:20,2025-04-26 07:30,2025-04-26 06:30,2025-04-26 07:30,2025-04-26 06:30,EIN,EHEH,,50,,2025-04-26 08:25,2025-04-26 06:25,2025-04-26 10:18,2025-04-26 08:18,,,,,,landed,65,70,70.0,113.0,B738,1745648700,1745644800,1745655480.0,1745649000.0,,1745649000.0,70,Long Delay,Unknown,Unknown
F9,FFT,F93163,FFT3163,3163,SEA,KSEA,,D26,2025-04-25 18:52,2025-04-26 01:52,2025-04-25 23:30,2025-04-26 06:30,2025-04-25 23:30,2025-04-26 06:30,ONT,KONT,2,211,,2025-04-25 21:31,2025-04-26 04:31,2025-04-26 02:36,2025-04-26 09:36,,,,,,active,159,278,278.0,305.0,A20N,1745641860,1745632320,1745660160.0,1745649000.0,,1745649000.0,278,Long Delay,Unknown,2
RW,RYL,RW258,RYL258,258,TPE,RCTP,1,B1R,2025-04-26 13:00,2025-04-26 05:00,2025-04-26 14:30,2025-04-26 06:30,,,MPH,RPVE,,,,2025-04-26 15:35,2025-04-26 07:35,,,,,,,,scheduled,155,90,90.0,,,1745652900,1745643600,,1745649000.0,,,0,On Time,1,Unknown
VJ,VJC,VJ842,VJC842,842,SGN,VVTS,2,,2025-04-26 13:30,2025-04-26 06:30,,,,,TPE,RCTP,1,B4,,2025-04-26 18:00,2025-04-26 10:00,2025-04-26 19:00,2025-04-26 11:00,,,,,,scheduled,210,60,,60.0,,1745661600,1745649000,1745665200.0,,,,0,On Time,2,1
N0,NBT,N0503,NBT503,503,ATH,LGAV,M,A1,2025-04-26 08:25,2025-04-26 05:25,2025-04-26 09:30,2025-04-26 06:30,2025-04-26 09:53,2025-04-26 06:53,JFK,KJFK,7,,,2025-04-26 11:55,2025-04-26 15:55,,,,,,,,active,630,65,65.0,,B789,1745682900,1745645100,,1745649000.0,,1745650380.0,88,Long Delay,M,7
TR,TGW,TR408,TGW408,408,SIN,WSSS,1,D48,2025-04-26 13:15,2025-04-26 05:15,2025-04-26 14:31,2025-04-26 06:31,2025-04-26 14:31,2025-04-26 06:31,IPH,WMKI,,,,2025-04-26 14:25,2025-04-26 06:25,,,,,,,,active,70,76,76.0,,A320,1745648700,1745644500,,1745649060.0,,1745649060.0,76,Long Delay,1,Unknown
SQ,SIA,SQ8372,SIA8372,8372,SIN,WSSS,1,D48,2025-04-26 13:15,2025-04-26 05:15,2025-04-26 14:31,2025-04-26 06:31,2025-04-26 14:31,2025-04-26 06:31,IPH,WMKI,,,,2025-04-26 14:25,2025-04-26 06:25,,,,,TR,408,TR408,active,70,76,76.0,,,1745648700,1745644500,,1745649060.0,,1745649060.0,76,Long Delay,1,Unknown
CI,CAL,CI9800,CAL9800,9800,MNL,RPLL,1,,2025-04-26 12:50,2025-04-26 04:50,2025-04-26 14:32,2025-04-26 06:32,2025-04-26 14:32,2025-04-26 06:32,TPE,RCTP,1,A4,,2025-04-26 15:20,2025-04-26 07:20,2025-04-26 17:02,2025-04-26 09:02,,,PR,896,PR896,active,150,102,102.0,102.0,,1745652000,1745643000,1745658120.0,1745649120.0,,1745649120.0,102,Long Delay,1,1
PR,PAL,PR896,PAL896,896,MNL,RPLL,1,,2025-04-26 12:50,2025-04-26 04:50,2025-04-26 14:32,2025-04-26 06:32,2025-04-26 14:32,2025-04-26 06:32,TPE,RCTP,1,A4,,2025-04-26 15:20,2025-04-26 07:20,2025-04-26 17:02,2025-04-26 09:02,,,,,,active,150,102,102.0,102.0,A333,1745652000,1745643000,1745658120.0,1745649120.0,,1745649120.0,102,Long Delay,1,1
AK,AXM,AK884,AXM884,884,KUL,WMKK,2,,2025-04-26 13:30,2025-04-26 05:30,2025-04-26 14:32,2025-04-26 06:32,2025-04-26 14:32,2025-04-26 06:32,DMK,VTBD,1,,,2025-04-26 14:45,2025-04-26 07:45,2025-04-26 15:44,2025-04-26 08:44,,,,,,active,135,62,62.0,59.0,A320,1745653500,1745645400,1745657040.0,1745649120.0,,1745649120.0,62,Long Delay,2,1
UA,UAL,UA5087,UAL5087,5087,LAX,KLAX,7,83,2025-04-25 19:30,2025-04-26 02:30,2025-04-25 23:35,2025-04-26 06:35,,,PRC,KPRC,,2,,2025-04-25 20:57,2025-04-26 03:57,2025-04-26 01:02,2025-04-26 08:02,,,OO,5087,OO5087,cancelled,87,245,245.0,245.0,,1745639820,1745634600,1745654520.0,1745649300.0,,,0,On Time,7,Unknown
AF,AFR,AF2302,AFR2302,2302,ATL,KATL,S,D21,2025-04-25 21:45,2025-04-26 01:45,2025-04-26 02:35,2025-04-26 06:35,2025-04-26 02:35,2025-04-26 06:35,SAN,KSAN,2,46,,2025-04-25 23:27,2025-04-26 06:27,2025-04-26 04:18,2025-04-26 11:18,,,DL,896,DL896,active,282,291,290.0,291.0,,1745648820,1745631900,1745666280.0,1745649300.0,,1745649300.0,290,Long Delay,S,2
SK,SAS,SK3746,SAS3746,3746,ATL,KATL,S,D21,2025-04-25 21:45,2025-04-26 01:45,2025-04-26 02:35,2025-04-26 06:35,2025-04-26 02:35,2025-04-26 06:35,SAN,KSAN,2,46,,2025-04-25 23:27,2025-04-26 06:27,2025-04-26 04:18,2025-04-26 11:18,,,DL,896,DL896,active,282,291,290.0,291.0,,1745648820,1745631900,1745666280.0,1745649300.0,,1745649300.0,290,Long Delay,S,2
AM,AMX,AM4592,AMX4592,4592,BOI,KBOI,,B20,2025-04-25 23:30,2025-04-26 05:30,2025-04-26 00:35,2025-04-26 06:35,2025-04-26 00:35,2025-04-26 06:35,ATL,KATL,S,D29,3,2025-04-26 05:31,2025-04-26 09:31,2025-04-26 06:35,2025-04-26 10:35,,,DL,833,DL833,active,241,64,65.0,64.0,,1745659860,1745645400,1745663700.0,1745649300.0,,1745649300.0,65,Long Delay,Unknown,S
OO,SKW,OO5087,SKW5087,5087,LAX,KLAX,7,83,2025-04-25 19:30,2025-04-26 02:30,2025-04-25 23:35,2025-04-26 06:35,,,PRC,KPRC,,2,,2025-04-25 20:57,2025-04-26 03:57,2025-04-26 01:02,2025-04-26 08:02,,,,,,cancelled,87,245,245.0,245.0,,1745639820,1745634600,1745654520.0,1745649300.0,,,0,On Time,7,Unknown
AM,AMX,AM4291,AMX4291,4291,ATL,KATL,S,D21,2025-04-25 21:45,2025-04-26 01:45,2025-04-26 02:35,2025-04-26 06:35,2025-04-26 02:35,2025-04-26 06:35,SAN,KSAN,2,46,,2025-04-25 23:27,2025-04-26 06:27,2025-04-26 04:18,2025-04-26 11:18,,,DL,896,DL896,active,282,291,290.0,291.0,,1745648820,1745631900,1745666280.0,1745649300.0,,1745649300.0,290,Long Delay,S,2
VS,VIR,VS5251,VIR5251,5251,ATL,KATL,S,D21,2025-04-25 21:45,2025-04-26 01:45,2025-04-26 02:35,2025-04-26 06:35,2025-04-26 02:35,2025-04-26 06:35,SAN,KSAN,2,46,,2025-04-25 23:27,2025-04-26 06:27,2025-04-26 04:18,2025-04-26 11:18,,,DL,896,DL896,active,282,291,290.0,291.0,,1745648820,1745631900,1745666280.0,1745649300.0,,1745649300.0,290,Long Delay,S,2
LA,LAN,LA6841,LAN6841,6841,BOI,KBOI,,B20,2025-04-25 23:30,2025-04-26 05:30,2025-04-26 00:35,2025-04-26 06:35,2025-04-26 00:35,2025-04-26 06:35,ATL,KATL,S,D29,3,2025-04-26 05:31,2025-04-26 09:31,2025-04-26 06:35,2025-04-26 10:35,,,DL,833,DL833,active,241,64,65.0,64.0,,1745659860,1745645400,1745663700.0,1745649300.0,,1745649300.0,65,Long Delay,Unknown,S
DL,DAL,DL896,DAL896,896,ATL,KATL,S,D21,2025-04-25 21:45,2025-04-26 01:45,2025-04-26 02:35,2025-04-26 06:35,2025-04-26 02:35,2025-04-26 06:35,SAN,KSAN,2,46,,2025-04-25 23:27,2025-04-26 06:27,2025-04-26 04:18,2025-04-26 11:18,,,,,,active,282,291,290.0,291.0,A321,1745648820,1745631900,1745666280.0,1745649300.0,,1745649300.0,290,Long Delay,S,2
DL,DAL,DL833,DAL833,833,BOI,KBOI,,B20,2025-04-25 23:30,2025-04-26 05:30,2025-04-26 00:35,2025-04-26 06:35,2025-04-26 00:35,2025-04-26 06:35,ATL,KATL,S,D29,3,2025-04-26 05:31,2025-04-26 09:31,2025-04-26 06:35,2025-04-26 10:35,,,,,,active,241,64,65.0,64.0,B738,1745659860,1745645400,1745663700.0,1745649300.0,,1745649300.0,65,Long Delay,Unknown,S
LA,LAN,LA6200,LAN6200,6200,ATL,KATL,S,D21,2025-04-25 21:45,2025-04-26 01:45,2025-04-26 02:35,2025-04-26 06:35,2025-04-26 02:35,2025-04-26 06:35,SAN,KSAN,2,46,,2025-04-25 23:27,2025-04-26 06:27,2025-04-26 04:18,2025-04-26 11:18,,,DL,896,DL896,active,282,291,290.0,291.0,,1745648820,1745631900,1745666280.0,1745649300.0,,1745649300.0,290,Long Delay,S,2
ID,BTK,ID6674,BTK6674,6674,CGK,WIII,,,2025-04-26 10:20,2025-04-26 03:20,2025-04-26 13:35,2025-04-26 06:35,2025-04-26 13:35,2025-04-26 06:35,TRK,WALR,,,,2025-04-26 13:55,2025-04-26 05:55,,,,,,,,active,155,195,195.0,,B738,1745646900,1745637600,,1745649300.0,,1745649300.0,195,Long Delay,Unknown,Unknown
KL,KLM,KL4116,KLM4116,4116,DPS,WADD,I,,2025-04-26 12:55,2025-04-26 04:55,2025-04-26 14:36,2025-04-26 06:36,2025-04-26 14:36,2025-04-26 06:36,KUL,WMKK,1,,,2025-04-26 16:00,2025-04-26 08:00,2025-04-26 17:41,2025-04-26 09:41,,,MH,714,MH714,active,185,101,101.0,101.0,,1745654400,1745643300,1745660460.0,1745649360.0,,1745649360.0,101,Long Delay,I,1
FY,FFM,FY7394,FFM7394,7394,DPS,WADD,I,,2025-04-26 12:55,2025-04-26 04:55,2025-04-26 14:36,2025-04-26 06:36,2025-04-26 14:36,2025-04-26 06:36,KUL,WMKK,1,,,2025-04-26 16:00,2025-04-26 08:00,2025-04-26 17:41,2025-04-26 09:41,,,MH,714,MH714,active,185,101,101.0,101.0,,1745654400,1745643300,1745660460.0,1745649360.0,,1745649360.0,101,Long Delay,I,1
MH,MAS,MH714,MAS714,714,DPS,WADD,I,,2025-04-26 12:55,2025-04-26 04:55,2025-04-26 14:36,2025-04-26 06:36,2025-04-26 14:36,2025-04-26 06:36,KUL,WMKK,1,,,2025-04-26 16:00,2025-04-26 08:00,2025-04-26 17:41,2025-04-26 09:41,,,,,,active,185,101,101.0,101.0,A333,1745654400,1745643300,1745660460.0,1745649360.0,,1745649360.0,101,Long Delay,I,1
QR,QTR,QR5396,QTR5396,5396,DPS,WADD,I,,2025-04-26 12:55,2025-04-26 04:55,2025-04-26 14:36,2025-04-26 06:36,2025-04-26 14:36,2025-04-26 06:36,KUL,WMKK,1,,,2025-04-26 16:00,2025-04-26 08:00,2025-04-26 17:41,2025-04-26 09:41,,,MH,714,MH714,active,185,101,101.0,101.0,,1745654400,1745643300,1745660460.0,1745649360.0,,1745649360.0,101,Long Delay,I,1
FO,FBZ,FO5801,FBZ5801,5801,GRU,SBGR,,,2025-04-26 02:15,2025-04-26 05:15,2025-04-26 03:36,2025-04-26 06:36,2025-04-26 03:36,2025-04-26 06:36,EZE,SAEZ,,,,2025-04-26 05:20,2025-04-26 08:20,,,,,,,,active,185,81,81.0,,B738,1745655600,1745644500,,1745649360.0,,1745649360.0,81,Long Delay,Unknown,Unknown
GA,GIA,GA8941,GIA8941,8941,DPS,WADD,I,,2025-04-26 12:55,2025-04-26 04:55,2025-04-26 14:36,2025-04-26 06:36,2025-04-26 14:36,2025-04-26 06:36,KUL,WMKK,1,,,2025-04-26 16:00,2025-04-26 08:00,2025-04-26 17:41,2025-04-26 09:41,,,MH,714,MH714,active,185,101,101.0,101.0,,1745654400,1745643300,1745660460.0,1745649360.0,,1745649360.0,101,Long Delay,I,1
5N,AUL,5N578,AUL578,578,TJM,USTR,,,2025-04-26 07:40,2025-04-26 02:40,2025-04-26 11:37,2025-04-26 06:37,2025-04-26 11:37,2025-04-26 06:37,LED,ULLI,1,,,2025-04-26 08:50,2025-04-26 05:50,2025-04-26 12:29,2025-04-26 09:29,,,,,,active,190,219,,219.0,,1745646600,1745635200,1745659740.0,1745649420.0,,1745649420.0,237,Long Delay,Unknown,1
WN,SWA,WN105,SWA105,105,LAS,KLAS,1,B12,2025-04-25 21:55,2025-04-26 04:55,2025-04-25 23:37,2025-04-26 06:37,2025-04-25 23:37,2025-04-26 06:37,ONT,KONT,4,403,42,2025-04-25 23:00,2025-04-26 06:00,2025-04-26 00:40,2025-04-26 07:40,,,,,,active,65,100,102.0,100.0,B738,1745647200,1745643300,1745653200.0,1745649420.0,,1745649420.0,102,Long Delay,1,4
PR,PAL,PR427,PAL427,427,NRT,RJAA,2,93,2025-04-26 14:25,2025-04-26 05:25,2025-04-26 15:39,2025-04-26 06:39,2025-04-26 15:39,2025-04-26 06:39,MNL,RPLL,1,,,2025-04-26 18:25,2025-04-26 10:25,2025-04-26 19:39,2025-04-26 11:39,,,,,,active,300,74,74.0,74.0,B773,1745663100,1745645100,1745667540.0,1745649540.0,,1745649540.0,74,Long Delay,2,1
AA,AAL,AA8338,AAL8338,8338,NRT,RJAA,2,93,2025-04-26 14:25,2025-04-26 05:25,2025-04-26 15:39,2025-04-26 06:39,2025-04-26 15:39,2025-04-26 06:39,MNL,RPLL,1,,,2025-04-26 18:25,2025-04-26 10:25,2025-04-26 19:39,2025-04-26 11:39,,,PR,427,PR427,active,300,74,74.0,74.0,,1745663100,1745645100,1745667540.0,1745649540.0,,1745649540.0,74,Long Delay,2,1
NH,ANA,NH5337,ANA5337,5337,NRT,RJAA,2,93,2025-04-26 14:25,2025-04-26 05:25,2025-04-26 15:39,2025-04-26 06:39,2025-04-26 15:39,2025-04-26 06:39,MNL,RPLL,1,,,2025-04-26 18:25,2025-04-26 10:25,2025-04-26 19:39,2025-04-26 11:39,,,PR,427,PR427,active,300,74,74.0,74.0,,1745663100,1745645100,1745667540.0,1745649540.0,,1745649540.0,74,Long Delay,2,1
HA,HAL,HA6597,HAL6597,6597,SFO,KSFO,1,B7,2025-04-25 21:59,2025-04-26 04:59,2025-04-25 23:40,2025-04-26 06:40,2025-04-25 23:40,2025-04-26 06:40,LAX,KLAX,6,66,,2025-04-25 23:31,2025-04-26 06:31,2025-04-26 00:55,2025-04-26 07:55,,,QX,2279,QX2279,active,92,101,101.0,84.0,,1745649060,1745643540,1745654100.0,1745649600.0,,1745649600.0,101,Long Delay,1,6
QR,QTR,QR3349,QTR3349,3349,SFO,KSFO,1,B7,2025-04-25 21:59,2025-04-26 04:59,2025-04-25 23:40,2025-04-26 06:40,2025-04-25 23:40,2025-04-26 06:40,LAX,KLAX,6,66,,2025-04-25 23:31,2025-04-26 06:31,2025-04-26 00:55,2025-04-26 07:55,,,QX,2279,QX2279,active,92,101,101.0,84.0,,1745649060,1745643540,1745654100.0,1745649600.0,,1745649600.0,101,Long Delay,1,6
QX,QXE,QX2279,QXE2279,2279,SFO,KSFO,1,B7,2025-04-25 21:59,2025-04-26 04:59,2025-04-25 23:40,2025-04-26 06:40,2025-04-25 23:40,2025-04-26 06:40,LAX,KLAX,6,66,,2025-04-25 23:31,2025-04-26 06:31,2025-04-26 00:55,2025-04-26 07:55,,,,,,active,92,101,101.0,84.0,,1745649060,1745643540,1745654100.0,1745649600.0,,1745649600.0,101,Long Delay,1,6
TN,THT,TN2714,THT2714,2714,SFO,KSFO,1,B7,2025-04-25 21:59,2025-04-26 04:59,2025-04-25 23:40,2025-04-26 06:40,2025-04-25 23:40,2025-04-26 06:40,LAX,KLAX,6,66,,2025-04-25 23:31,2025-04-26 06:31,2025-04-26 00:55,2025-04-26 07:55,,,QX,2279,QX2279,active,92,101,101.0,84.0,,1745649060,1745643540,1745654100.0,1745649600.0,,1745649600.0,101,Long Delay,1,6
AS,ASA,AS2279,ASA2279,2279,SFO,KSFO,1,B7,2025-04-25 21:59,2025-04-26 04:59,2025-04-25 23:40,2025-04-26 06:40,2025-04-25 23:40,2025-04-26 06:40,LAX,KLAX,6,66,,2025-04-25 23:31,2025-04-26 06:31,2025-04-26 00:55,2025-04-26 07:55,,,QX,2279,QX2279,active,92,101,101.0,84.0,E75L,1745649060,1745643540,1745654100.0,1745649600.0,,1745649600.0,101,Long Delay,1,6
F9,FFT,F93483,FFT3483,3483,PHX,KPHX,3,F2,2025-04-25 22:29,2025-04-26 05:29,2025-04-25 23:41,2025-04-26 06:41,2025-04-25 23:41,2025-04-26 06:41,LAS,KLAS,3,D20,,2025-04-25 23:42,2025-04-26 06:42,2025-04-26 00:42,2025-04-26 07:42,,,,,,active,73,72,72.0,60.0,A21N,1745649720,1745645340,1745653320.0,1745649660.0,,1745649660.0,72,Long Delay,3,3
NK,NKS,NK159,NKS159,159,LAS,KLAS,1,B23,2025-04-25 22:35,2025-04-26 05:35,2025-04-25 23:41,2025-04-26 06:41,2025-04-25 23:41,2025-04-26 06:41,CLT,KCLT,A,A28,,2025-04-26 05:45,2025-04-26 09:45,2025-04-26 06:46,2025-04-26 10:46,,,,,,active,250,66,66.0,61.0,A20N,1745660700,1745645700,1745664360.0,1745649660.0,,1745649660.0,66,Long Delay,1,A
EH,AKX,EH351,AKX351,351,NGO,RJGG,1,102,2025-04-26 14:00,2025-04-26 05:00,2025-04-26 15:42,2025-04-26 06:42,2025-04-26 15:42,2025-04-26 06:42,KOJ,RJFK,D,,,2025-04-26 15:35,2025-04-26 06:35,2025-04-26 17:06,2025-04-26 08:06,,,,,,active,95,91,102.0,91.0,,1745649300,1745643600,1745654760.0,1745649720.0,,1745649720.0,102,Long Delay,1,D
NH,ANA,NH351,ANA351,351,NGO,RJGG,1,102,2025-04-26 14:00,2025-04-26 05:00,2025-04-26 15:42,2025-04-26 06:42,2025-04-26 15:42,2025-04-26 06:42,KOJ,RJFK,D,,,2025-04-26 15:35,2025-04-26 06:35,2025-04-26 17:06,2025-04-26 08:06,,,EH,351,EH351,active,95,91,102.0,91.0,,1745649300,1745643600,1745654760.0,1745649720.0,,1745649720.0,102,Long Delay,1,D
MH,MAS,MH3252,MAS3252,3252,MZV,WBMU,,,2025-04-26 13:45,2025-04-26 05:45,2025-04-26 14:44,2025-04-26 06:44,2025-04-26 14:44,2025-04-26 06:44,BKI,WBKK,1,,,2025-04-26 14:40,2025-04-26 06:40,2025-04-26 15:48,2025-04-26 07:48,,,MY,3252,MY3252,active,55,68,59.0,68.0,,1745649600,1745646300,1745653680.0,1745649840.0,,1745649840.0,59,Long Delay,Unknown,1
MY,MWG,MY3252,MWG3252,3252,MZV,WBMU,,,2025-04-26 13:45,2025-04-26 05:45,2025-04-26 14:44,2025-04-26 06:44,2025-04-26 14:44,2025-04-26 06:44,BKI,WBKK,1,,,2025-04-26 14:40,2025-04-26 06:40,2025-04-26 15:48,2025-04-26 07:48,,,,,,active,55,68,59.0,68.0,AT75,1745649600,1745646300,1745653680.0,1745649840.0,,1745649840.0,59,Long Delay,Unknown,1
JL,JAL,JL2732,JAL2732,2732,SHB,RJCN,,1,2025-04-26 11:15,2025-04-26 02:15,2025-04-26 15:45,2025-04-26 06:45,,,OKD,RJCO,,,,2025-04-26 12:10,2025-04-26 03:10,2025-04-26 16:40,2025-04-26 07:40,,,,2732,,cancelled,55,270,270.0,270.0,,1745637000,1745633700,1745653200.0,1745649900.0,,,0,On Time,Unknown,Unknown
HA,HAL,HA1601,HAL1601,1601,CVG,KCVG,,,2025-04-26 00:49,2025-04-26 04:49,2025-04-26 02:45,2025-04-26 06:45,2025-04-26 03:06,2025-04-26 07:06,JFK,KJFK,,,,2025-04-26 02:28,2025-04-26 06:28,2025-04-26 04:40,2025-04-26 08:40,,,,,,active,99,132,116.0,132.0,,1745648880,1745642940,1745656800.0,1745649900.0,,1745651160.0,137,Long Delay,Unknown,Unknown
EH,AKX,EH1227,AKX1227,1227,SDJ,RJSS,,8,2025-04-26 13:40,2025-04-26 04:40,2025-04-26 15:45,2025-04-26 06:45,2025-04-26 15:45,2025-04-26 06:45,CTS,RJCC,D,,,2025-04-26 15:00,2025-04-26 06:00,2025-04-26 17:13,2025-04-26 08:13,,,,,,active,80,125,125.0,133.0,,1745647200,1745642400,1745655180.0,1745649900.0,,1745649900.0,125,Long Delay,Unknown,D
NH,ANA,NH1227,ANA1227,1227,SDJ,RJSS,,8,2025-04-26 13:40,2025-04-26 04:40,2025-04-26 15:45,2025-04-26 06:45,2025-04-26 15:45,2025-04-26 06:45,CTS,RJCC,D,,,2025-04-26 15:00,2025-04-26 06:00,2025-04-26 17:13,2025-04-26 08:13,,,EH,1227,EH1227,active,80,125,125.0,133.0,,1745647200,1745642400,1745655180.0,1745649900.0,,1745649900.0,125,Long Delay,Unknown,D
,NTH,,NTH2732,2732,SHB,RJCN,,1,2025-04-26 11:15,2025-04-26 02:15,2025-04-26 15:45,2025-04-26 06:45,,,OKD,RJCO,,,,2025-04-26 12:10,2025-04-26 03:10,2025-04-26 16:40,2025-04-26 07:40,,,,,,cancelled,55,270,270.0,270.0,,1745637000,1745633700,1745653200.0,1745649900.0,,,0,On Time,Unknown,Unknown
VN,HVN,VN171,HVN171,171,HAN,VVNB,1,,2025-04-26 12:05,2025-04-26 05:05,2025-04-26 13:49,2025-04-26 06:49,2025-04-26 13:49,2025-04-26 06:49,DAD,VVDN,1,,,2025-04-26 13:30,2025-04-26 06:30,,,,,,,,active,85,104,104.0,,A321,1745649000,1745643900,,1745650140.0,,1745650140.0,104,Long Delay,1,1
IX,AXB,IX2564,AXB2564,2564,DEL,VIDP,T3,39A,2025-04-26 10:40,2025-04-26 05:10,2025-04-26 12:20,2025-04-26 06:50,2025-04-26 12:20,2025-04-26 06:50,IXJ,VIJU,,,,2025-04-26 12:05,2025-04-26 06:35,2025-04-26 13:50,2025-04-26 08:20,,,,,,active,85,105,100.0,105.0,A20N,1745649300,1745644200,1745655600.0,1745650200.0,,1745650200.0,100,Long Delay,T3,Unknown
D2,SSF,D2332,SSF332,332,UCT,UUYH,,,2025-04-26 09:50,2025-04-26 06:50,,,,,SVO,UUEE,B,,4,2025-04-26 11:50,2025-04-26 08:50,2025-04-26 13:20,2025-04-26 10:20,,,,,,scheduled,120,90,,90.0,,1745657400,1745650200,1745662800.0,,,,0,On Time,Unknown,B
AI,AIC,AI9940,AIC9940,9940,DEL,VIDP,T3,39A,2025-04-26 10:40,2025-04-26 05:10,2025-04-26 12:20,2025-04-26 06:50,2025-04-26 12:20,2025-04-26 06:50,IXJ,VIJU,,,,2025-04-26 12:05,2025-04-26 06:35,2025-04-26 13:50,2025-04-26 08:20,,,IX,2564,IX2564,active,85,105,100.0,105.0,,1745649300,1745644200,1745655600.0,1745650200.0,,1745650200.0,100,Long Delay,T3,Unknown
TO,TVF,TO3931,TVF3931,3931,MXP,LIMC,1,,2025-04-26 07:20,2025-04-26 05:20,2025-04-26 08:50,2025-04-26 06:50,2025-04-26 08:50,2025-04-26 06:50,ORY,LFPO,3,03,,2025-04-26 08:55,2025-04-26 06:55,2025-04-26 10:10,2025-04-26 08:10,,,,,,active,95,75,90.0,75.0,B738,1745650500,1745644800,1745655000.0,1745650200.0,,1745650200.0,90,Long Delay,1,3
AH,DAH,AH4063,DAH4063,4063,DXB,OMDB,1,D14,2025-04-26 09:50,2025-04-26 05:50,2025-04-26 10:50,2025-04-26 06:50,,,ALG,DAAG,4,,,2025-04-26 14:30,2025-04-26 13:30,2025-04-26 15:30,2025-04-26 14:30,,,,,,scheduled,460,60,60.0,60.0,,1745674200,1745646600,1745677800.0,1745650200.0,,,0,On Time,1,4
WN,SWA,WN2866,SWA2866,2866,LAS,KLAS,1,C24,2025-04-25 21:50,2025-04-26 04:50,2025-04-25 23:52,2025-04-26 06:52,2025-04-25 23:52,2025-04-26 06:52,LAX,KLAX,1,,,2025-04-25 23:05,2025-04-26 06:05,2025-04-26 00:59,2025-04-26 07:59,,,,,,active,75,114,122.0,114.0,B737,1745647500,1745643000,1745654340.0,1745650320.0,,1745650320.0,122,Long Delay,1,1
IX,AXB,IX711,AXB711,711,CNN,VOKN,,,2025-04-26 09:35,2025-04-26 04:05,2025-04-26 12:23,2025-04-26 06:53,2025-04-26 12:23,2025-04-26 06:53,MCT,OOMS,,,,2025-04-26 11:35,2025-04-26 07:35,2025-04-26 14:39,2025-04-26 10:39,,,,,,active,210,184,168.0,184.0,,1745652900,1745640300,1745663940.0,1745650380.0,,1745650380.0,168,Long Delay,Unknown,Unknown
,NTH,,NTH2865,2865,OKD,RJCO,,1,2025-04-26 14:10,2025-04-26 05:10,2025-04-26 15:53,2025-04-26 06:53,2025-04-26 15:53,2025-04-26 06:53,KUH,RJCK,,,,2025-04-26 14:55,2025-04-26 05:55,2025-04-26 16:31,2025-04-26 07:31,,,,,,active,45,103,103.0,96.0,,1745646900,1745644200,1745652660.0,1745650380.0,,1745650380.0,103,Long Delay,Unknown,Unknown
G5,HXA,G52792,HXA2792,2792,CIF,ZBCF,,,2025-04-26 12:20,2025-04-26 04:20,2025-04-26 14:53,2025-04-26 06:53,2025-04-26 14:53,2025-04-26 06:53,HET,ZBHH,,,,2025-04-26 13:40,2025-04-26 05:40,2025-04-26 16:31,2025-04-26 08:31,,,,,,active,80,153,153.0,171.0,A320,1745646000,1745641200,1745656260.0,1745650380.0,,1745650380.0,153,Long Delay,Unknown,Unknown
AI,AIC,AI9145,AIC9145,9145,CNN,VOKN,,,2025-04-26 09:35,2025-04-26 04:05,2025-04-26 12:23,2025-04-26 06:53,2025-04-26 12:23,2025-04-26 06:53,MCT,OOMS,,,,2025-04-26 11:35,2025-04-26 07:35,2025-04-26 14:39,2025-04-26 10:39,,,IX,711,IX711,active,210,184,168.0,184.0,,1745652900,1745640300,1745663940.0,1745650380.0,,1745650380.0,168,Long Delay,Unknown,Unknown
SC,CDG,SC2236,CDG2236,2236,LHW,ZLLL,T3,,2025-04-26 13:05,2025-04-26 05:05,2025-04-26 14:53,2025-04-26 06:53,2025-04-26 14:53,2025-04-26 06:53,TYN,ZBYN,T1,,,2025-04-26 14:55,2025-04-26 06:55,2025-04-26 16:45,2025-04-26 08:45,,,,,,active,110,110,108.0,110.0,,1745650500,1745643900,1745657100.0,1745650380.0,,1745650380.0,108,Long Delay,T3,T1
MF,CXA,MF2456,CXA2456,2456,CIF,ZBCF,,,2025-04-26 12:20,2025-04-26 04:20,2025-04-26 14:53,2025-04-26 06:53,2025-04-26 14:53,2025-04-26 06:53,HET,ZBHH,,,,2025-04-26 13:40,2025-04-26 05:40,2025-04-26 16:31,2025-04-26 08:31,,,G5,2792,G52792,active,80,153,153.0,171.0,,1745646000,1745641200,1745656260.0,1745650380.0,,1745650380.0,153,Long Delay,Unknown,Unknown
3U,CSC,3U4052,CSC4052,4052,CIF,ZBCF,,,2025-04-26 12:20,2025-04-26 04:20,2025-04-26 14:53,2025-04-26 06:53,2025-04-26 14:53,2025-04-26 06:53,HET,ZBHH,,,,2025-04-26 13:40,2025-04-26 05:40,2025-04-26 16:31,2025-04-26 08:31,,,G5,2792,G52792,active,80,153,153.0,171.0,,1745646000,1745641200,1745656260.0,1745650380.0,,1745650380.0,153,Long Delay,Unknown,Unknown
ZH,CSZ,ZH2606,CSZ2606,2606,LHW,ZLLL,T3,,2025-04-26 13:05,2025-04-26 05:05,2025-04-26 14:53,2025-04-26 06:53,2025-04-26 14:53,2025-04-26 06:53,TYN,ZBYN,T1,,,2025-04-26 14:55,2025-04-26 06:55,2025-04-26 16:45,2025-04-26 08:45,,,SC,2236,SC2236,active,110,110,108.0,110.0,,1745650500,1745643900,1745657100.0,1745650380.0,,1745650380.0,108,Long Delay,T3,T1
CA,CCA,CA4702,CCA4702,4702,LHW,ZLLL,T3,,2025-04-26 13:05,2025-04-26 05:05,2025-04-26 14:53,2025-04-26 06:53,2025-04-26 14:53,2025-04-26 06:53,TYN,ZBYN,T1,,,2025-04-26 14:55,2025-04-26 06:55,2025-04-26 16:45,2025-04-26 08:45,,,SC,2236,SC2236,active,110,110,108.0,110.0,,1745650500,1745643900,1745657100.0,1745650380.0,,1745650380.0,108,Long Delay,T3,T1
JL,JAL,JL2865,JAL2865,2865,OKD,RJCO,,1,2025-04-26 14:10,2025-04-26 05:10,2025-04-26 15:53,2025-04-26 06:53,2025-04-26 15:53,2025-04-26 06:53,KUH,RJCK,,,,2025-04-26 14:55,2025-04-26 05:55,2025-04-26 16:31,2025-04-26 07:31,,,,2865,,active,45,103,103.0,96.0,AT46,1745646900,1745644200,1745652660.0,1745650380.0,,1745650380.0,103,Long Delay,Unknown,Unknown
W4,WMT,W43154,WMT3154,3154,NAP,LIRN,,C20,2025-04-26 06:40,2025-04-26 04:40,2025-04-26 08:54,2025-04-26 06:54,2025-04-26 08:54,2025-04-26 06:54,BBU,LRBS,,,,2025-04-26 09:35,2025-04-26 06:35,2025-04-26 11:24,2025-04-26 08:24,,,,,,active,115,134,134.0,109.0,A21N,1745649300,1745642400,1745655840.0,1745650440.0,,1745650440.0,134,Long Delay,Unknown,Unknown
SG,SEJ,SG475,SEJ475,475,DEL,VIDP,T1 D,D20,2025-04-26 10:30,2025-04-26 05:00,2025-04-26 12:25,2025-04-26 06:55,,,DBR,VEDH,,,,2025-04-26 12:15,2025-04-26 06:45,2025-04-26 14:10,2025-04-26 08:40,,,,,,scheduled,105,115,115.0,115.0,B738,1745649900,1745643600,1745656800.0,1745650500.0,,,0,On Time,T1 D,Unknown
9C,CQH,9C6677,CQH6677,6677,LHW,ZLLL,T3,,2025-04-26 11:45,2025-04-26 03:45,2025-04-26 14:57,2025-04-26 06:57,2025-04-26 14:57,2025-04-26 06:57,AAT,ZWAT,,,,2025-04-26 14:45,2025-04-26 06:45,2025-04-26 18:05,2025-04-26 10:05,,,,,,active,180,192,192.0,200.0,,1745649900,1745639100,1745661900.0,1745650620.0,,1745650620.0,192,Long Delay,T3,Unknown
HA,HAL,HA2164,HAL2164,2164,ATL,KATL,N,E36,2025-04-25 21:20,2025-04-26 01:20,2025-04-26 02:58,2025-04-26 06:58,2025-04-26 02:58,2025-04-26 06:58,BOS,KBOS,C,C26,6,2025-04-25 23:59,2025-04-26 03:59,,,,,B6,1097,B61097,active,159,338,338.0,,,1745639940,1745630400,,1745650680.0,,1745650680.0,338,Long Delay,N,C
B6,JBU,B61097,JBU1097,1097,ATL,KATL,N,E36,2025-04-25 21:20,2025-04-26 01:20,2025-04-26 02:58,2025-04-26 06:58,2025-04-26 02:58,2025-04-26 06:58,BOS,KBOS,C,C26,6,2025-04-25 23:59,2025-04-26 03:59,,,,,,,,active,159,338,338.0,,A320,1745639940,1745630400,,1745650680.0,,1745650680.0,338,Long Delay,N,C
QR,QTR,QR3801,QTR3801,3801,ATL,KATL,N,E36,2025-04-25 21:20,2025-04-26 01:20,2025-04-26 02:58,2025-04-26 06:58,2025-04-26 02:58,2025-04-26 06:58,BOS,KBOS,C,C26,6,2025-04-25 23:59,2025-04-26 03:59,,,,,B6,1097,B61097,active,159,338,338.0,,,1745639940,1745630400,,1745650680.0,,1745650680.0,338,Long Delay,N,C
9C,CQH,9C6381,CQH6381,6381,XIY,ZLXY,3,,2025-04-26 12:55,2025-04-26 04:55,2025-04-26 14:58,2025-04-26 06:58,2025-04-26 14:58,2025-04-26 06:58,KHG,ZWSH,T2,,,2025-04-26 17:45,2025-04-26 09:45,2025-04-26 19:55,2025-04-26 11:55,,,,,,active,290,123,123.0,130.0,,1745660700,1745643300,1745668500.0,1745650680.0,,1745650680.0,123,Long Delay,3,T2
DP,PBD,DP167,PBD167,167,VKO,UUWW,A,13A,2025-04-26 07:50,2025-04-26 04:50,2025-04-26 09:59,2025-04-26 06:59,2025-04-26 09:59,2025-04-26 06:59,MRV,URMM,,,,2025-04-26 10:10,2025-04-26 07:10,2025-04-26 13:03,2025-04-26 10:03,,,,,,active,140,173,,173.0,,1745651400,1745643000,1745661780.0,1745650740.0,,1745650740.0,129,Long Delay,A,Unknown
VJ,VJC,VJ86,VJC86,86,SYD,YSSY,1,59,2025-04-26 10:15,2025-04-26 00:15,2025-04-26 17:00,2025-04-26 07:00,,,SGN,VVTS,2,,,2025-04-26 16:05,2025-04-26 09:05,,,,,,,,scheduled,530,405,405.0,,,1745658300,1745626500,,1745650800.0,,,0,On Time,1,2
MS,MSR,MS273,MSR273,273,LXR,HELX,,,2025-04-26 09:00,2025-04-26 06:00,2025-04-26 10:00,2025-04-26 07:00,2025-04-26 10:00,2025-04-26 07:00,CAI,HECA,3,,,2025-04-26 10:10,2025-04-26 07:10,,,,,,,,active,70,60,60.0,,B738,1745651400,1745647200,,1745650800.0,,1745650800.0,60,Long Delay,Unknown,3
7R,RLU,7R826,RLU826,826,EYK,USHQ,,,2025-04-26 12:00,2025-04-26 07:00,,,,,SVX,USSS,,,,2025-04-26 13:20,2025-04-26 08:20,2025-04-26 15:50,2025-04-26 10:50,,,,,,scheduled,80,150,,150.0,,1745655600,1745650800,1745664600.0,,,,0,On Time,Unknown,Unknown
9C,CQH,9C8554,CQH8554,8554,LHW,ZLLL,T3,,2025-04-26 13:00,2025-04-26 05:00,2025-04-26 15:00,2025-04-26 07:00,2025-04-26 15:00,2025-04-26 07:00,SHE,ZYTX,T3,,,2025-04-26 16:00,2025-04-26 08:00,2025-04-26 18:12,2025-04-26 10:12,,,,,,active,180,132,120.0,132.0,,1745654400,1745643600,1745662320.0,1745650800.0,,1745650800.0,120,Long Delay,T3,T3
WN,SWA,WN2353,SWA2353,2353,PHX,KPHX,4,C6,2025-04-25 22:05,2025-04-26 05:05,2025-04-26 00:00,2025-04-26 07:00,2025-04-26 00:00,2025-04-26 07:00,LAX,KLAX,1,,,2025-04-25 23:30,2025-04-26 06:30,2025-04-26 01:18,2025-04-26 08:18,,,,,,active,85,115,115.0,108.0,B737,1745649000,1745643900,1745655480.0,1745650800.0,,1745650800.0,115,Long Delay,4,1
6E,IGO,6E7314,IGO7314,7314,SHL,VEBI,,,2025-04-26 11:15,2025-04-26 05:45,2025-04-26 12:30,2025-04-26 07:00,,,CCU,VECC,,,,2025-04-26 12:55,2025-04-26 07:25,2025-04-26 14:10,2025-04-26 08:40,,,,,,scheduled,100,75,75.0,75.0,,1745652300,1745646300,1745656800.0,1745650800.0,,,0,On Time,Unknown,Unknown
D2,SSF,D2323,SSF323,323,LED,ULLI,1,,2025-04-26 07:00,2025-04-26 04:00,2025-04-26 10:00,2025-04-26 07:00,,,UCT,UUYH,,,,2025-04-26 09:00,2025-04-26 06:00,,,,,,,,scheduled,120,180,180.0,,,1745647200,1745640000,,1745650800.0,,,0,On Time,1,Unknown
IB,IBE,IB3604,IBE3604,3604,BKK,VTBS,,,2025-04-25 22:55,2025-04-25 15:55,2025-04-26 14:01,2025-04-26 07:01,2025-04-26 14:01,2025-04-26 07:01,LGW,EGKK,S,,,2025-04-26 06:30,2025-04-26 05:30,2025-04-26 20:47,2025-04-26 19:47,,,BA,2230,BA2230,active,815,906,906.0,857.0,,1745645400,1745596500,1745696820.0,1745650860.0,,1745650860.0,906,Long Delay,Unknown,S
BA,BAW,BA2230,BAW2230,2230,BKK,VTBS,,,2025-04-25 22:55,2025-04-25 15:55,2025-04-26 14:01,2025-04-26 07:01,2025-04-26 14:01,2025-04-26 07:01,LGW,EGKK,S,,,2025-04-26 06:30,2025-04-26 05:30,2025-04-26 20:47,2025-04-26 19:47,,,,,,active,815,906,906.0,857.0,B772,1745645400,1745596500,1745696820.0,1745650860.0,,1745650860.0,906,Long Delay,Unknown,S
ID,BTK,ID6656,BTK6656,6656,CGK,WIII,,,2025-04-26 11:50,2025-04-26 04:50,2025-04-26 14:01,2025-04-26 07:01,2025-04-26 14:01,2025-04-26 07:01,LOP,WADL,,,,2025-04-26 14:45,2025-04-26 06:45,,,,,,,,active,115,131,131.0,,B738,1745649900,1745643000,,1745650860.0,,1745650860.0,131,Long Delay,Unknown,Unknown
UA,UAL,UA1291,UAL1291,1291,DEN,KDEN,,B47,2025-04-25 23:59,2025-04-26 05:59,2025-04-26 01:02,2025-04-26 07:02,,,EWR,KEWR,C,70,3,2025-04-26 05:41,2025-04-26 09:41,2025-04-26 06:43,2025-04-26 10:43,,,,,,scheduled,222,62,63.0,62.0,,1745660460,1745647140,1745664180.0,1745650920.0,,,0,On Time,Unknown,C
9C,CQH,9C6451,CQH6451,6451,LHW,ZLLL,T3,,2025-04-26 11:30,2025-04-26 03:30,2025-04-26 15:03,2025-04-26 07:03,2025-04-26 15:03,2025-04-26 07:03,SHF,ZWHZ,,,,2025-04-26 14:40,2025-04-26 06:40,2025-04-26 18:12,2025-04-26 10:12,,,,,,active,190,213,213.0,212.0,,1745649600,1745638200,1745662320.0,1745650980.0,,1745650980.0,213,Long Delay,T3,Unknown
QF,QFA,QF5555,QFA5555,5555,MEL,YMML,2,18,2025-04-26 15:25,2025-04-26 05:25,2025-04-26 17:03,2025-04-26 07:03,2025-04-26 17:03,2025-04-26 07:03,SGN,VVTS,2,,,2025-04-26 21:00,2025-04-26 14:00,2025-04-26 22:43,2025-04-26 15:43,,,JQ,63,JQ63,active,515,103,98.0,103.0,,1745676000,1745645100,1745682180.0,1745650980.0,,1745650980.0,98,Long Delay,2,2
JQ,JST,JQ63,JST63,63,MEL,YMML,2,18,2025-04-26 15:25,2025-04-26 05:25,2025-04-26 17:03,2025-04-26 07:03,2025-04-26 17:03,2025-04-26 07:03,SGN,VVTS,2,,,2025-04-26 21:00,2025-04-26 14:00,2025-04-26 22:43,2025-04-26 15:43,,,,,,active,515,103,98.0,103.0,B788,1745676000,1745645100,1745682180.0,1745650980.0,,1745650980.0,98,Long Delay,2,2
WN,SWA,WN4344,SWA4344,4344,PHX,KPHX,4,C8,2025-04-25 21:50,2025-04-26 04:50,2025-04-26 00:03,2025-04-26 07:03,2025-04-26 00:03,2025-04-26 07:03,SFO,KSFO,2,D5,3,2025-04-25 23:50,2025-04-26 06:50,2025-04-26 01:57,2025-04-26 08:57,,,,,,active,120,127,133.0,127.0,B38M,1745650200,1745643000,1745657820.0,1745650980.0,,1745650980.0,133,Long Delay,4,2
SU,AFL,SU2875,AFL2875,2875,IKT,UIII,,,2025-04-26 12:35,2025-04-26 04:35,2025-04-26 15:05,2025-04-26 07:05,2025-04-26 15:15,2025-04-26 07:15,LED,ULLI,,,,2025-04-26 13:40,2025-04-26 10:40,2025-04-26 16:10,2025-04-26 13:10,,,,,,active,365,150,150.0,150.0,B738,1745664000,1745642100,1745673000.0,1745651100.0,,1745651700.0,160,Long Delay,Unknown,Unknown
AH,DAH,AH6170,DAH6170,6170,ALG,DAAG,1,,2025-04-26 07:00,2025-04-26 06:00,2025-04-26 08:05,2025-04-26 07:05,2025-04-26 08:05,2025-04-26 07:05,AAE,DABB,,,,2025-04-26 08:00,2025-04-26 07:00,2025-04-26 09:00,2025-04-26 08:00,,,,,,active,60,60,65.0,60.0,B738,1745650800,1745647200,1745654400.0,1745651100.0,,1745651100.0,65,Long Delay,1,Unknown
F9,FFT,F91192,FFT1192,1192,SFO,KSFO,INTL,A13,2025-04-25 22:40,2025-04-26 05:40,2025-04-26 00:05,2025-04-26 07:05,2025-04-26 00:05,2025-04-26 07:05,PHX,KPHX,3,F4,2,2025-04-26 00:51,2025-04-26 07:51,2025-04-26 01:58,2025-04-26 08:58,,,,,,active,131,85,85.0,67.0,A20N,1745653860,1745646000,1745657880.0,1745651100.0,,1745651100.0,85,Long Delay,INTL,3
MM,APJ,MM286,APJ286,286,OKA,ROAH,,,2025-04-26 15:05,2025-04-26 06:05,2025-04-26 16:05,2025-04-26 07:05,,,FUK,RJFF,D,,,2025-04-26 17:00,2025-04-26 08:00,2025-04-26 18:00,2025-04-26 09:00,,,,,,scheduled,115,60,60.0,60.0,,1745654400,1745647500,1745658000.0,1745651100.0,,,0,On Time,Unknown,D
MU,CES,MU4059,CES4059,4059,CNS,YBCS,2,21,2025-04-26 15:35,2025-04-26 05:35,2025-04-26 17:06,2025-04-26 07:06,2025-04-26 17:06,2025-04-26 07:06,BNE,YBBN,D,16,D03,2025-04-26 17:45,2025-04-26 07:45,2025-04-26 19:03,2025-04-26 09:03,,,QQ,1893,QQ1893,active,130,78,91.0,78.0,,1745653500,1745645700,1745658180.0,1745651160.0,,1745651160.0,91,Long Delay,2,D
QF,QFA,QF1893,QFA1893,1893,CNS,YBCS,2,21,2025-04-26 15:35,2025-04-26 05:35,2025-04-26 17:06,2025-04-26 07:06,2025-04-26 17:06,2025-04-26 07:06,BNE,YBBN,D,16,D03,2025-04-26 17:45,2025-04-26 07:45,2025-04-26 19:03,2025-04-26 09:03,,,QQ,1893,QQ1893,active,130,78,91.0,78.0,E190,1745653500,1745645700,1745658180.0,1745651160.0,,1745651160.0,91,Long Delay,2,D
EK,UAE,EK5139,UAE5139,5139,CNS,YBCS,2,21,2025-04-26 15:35,2025-04-26 05:35,2025-04-26 17:06,2025-04-26 07:06,2025-04-26 17:06,2025-04-26 07:06,BNE,YBBN,D,16,D03,2025-04-26 17:45,2025-04-26 07:45,2025-04-26 19:03,2025-04-26 09:03,,,QQ,1893,QQ1893,active,130,78,91.0,78.0,,1745653500,1745645700,1745658180.0,1745651160.0,,1745651160.0,91,Long Delay,2,D
QQ,UTY,QQ1893,UTY1893,1893,CNS,YBCS,2,21,2025-04-26 15:35,2025-04-26 05:35,2025-04-26 17:06,2025-04-26 07:06,2025-04-26 17:06,2025-04-26 07:06,BNE,YBBN,D,16,D03,2025-04-26 17:45,2025-04-26 07:45,2025-04-26 19:03,2025-04-26 09:03,,,,,,active,130,78,91.0,78.0,,1745653500,1745645700,1745658180.0,1745651160.0,,1745651160.0,91,Long Delay,2,D
NZ,ANZ,NZ7747,ANZ7747,7747,CNS,YBCS,2,21,2025-04-26 15:35,2025-04-26 05:35,2025-04-26 17:06,2025-04-26 07:06,2025-04-26 17:06,2025-04-26 07:06,BNE,YBBN,D,16,D03,2025-04-26 17:45,2025-04-26 07:45,2025-04-26 19:03,2025-04-26 09:03,,,QQ,1893,QQ1893,active,130,78,91.0,78.0,,1745653500,1745645700,1745658180.0,1745651160.0,,1745651160.0,91,Long Delay,2,D
CZ,CSN,CZ7579,CSN7579,7579,CNS,YBCS,2,21,2025-04-26 15:35,2025-04-26 05:35,2025-04-26 17:06,2025-04-26 07:06,2025-04-26 17:06,2025-04-26 07:06,BNE,YBBN,D,16,D03,2025-04-26 17:45,2025-04-26 07:45,2025-04-26 19:03,2025-04-26 09:03,,,QQ,1893,QQ1893,active,130,78,91.0,78.0,,1745653500,1745645700,1745658180.0,1745651160.0,,1745651160.0,91,Long Delay,2,D
JT,LNI,JT139,LNI139,139,PEN,WMKP,,,2025-04-26 13:00,2025-04-26 05:00,2025-04-26 15:08,2025-04-26 07:08,2025-04-26 15:08,2025-04-26 07:08,KNO,WIMM,,,,2025-04-26 12:55,2025-04-26 05:55,,,,,,,,active,55,128,128.0,,B739,1745646900,1745643600,,1745651280.0,,1745651280.0,128,Long Delay,Unknown,Unknown
QF,QFA,QF5529,QFA5529,5529,MEL,YMML,2,2,2025-04-26 14:30,2025-04-26 04:30,2025-04-26 17:09,2025-04-26 07:09,2025-04-26 17:09,2025-04-26 07:09,ZQN,NZQN,,,,2025-04-26 19:40,2025-04-26 07:40,2025-04-26 22:15,2025-04-26 10:15,,,JQ,219,JQ219,active,190,155,159.0,155.0,,1745653200,1745641800,1745662500.0,1745651340.0,,1745651340.0,159,Long Delay,2,Unknown
EY,ETD,EY3785,ETD3785,3785,GDN,EPGD,,015,2025-04-26 05:55,2025-04-26 03:55,2025-04-26 09:09,2025-04-26 07:09,2025-04-26 09:09,2025-04-26 07:09,MUC,EDDM,2,,,2025-04-26 07:30,2025-04-26 05:30,2025-04-26 10:40,2025-04-26 08:40,,,CL,1647,CL1647,active,95,190,194.0,190.0,,1745645400,1745639700,1745656800.0,1745651340.0,,1745651340.0,194,Long Delay,Unknown,2
CL,CLH,CL1647,CLH1647,1647,GDN,EPGD,,015,2025-04-26 05:55,2025-04-26 03:55,2025-04-26 09:09,2025-04-26 07:09,2025-04-26 09:09,2025-04-26 07:09,MUC,EDDM,2,,,2025-04-26 07:30,2025-04-26 05:30,2025-04-26 10:40,2025-04-26 08:40,,,,,,active,95,190,194.0,190.0,,1745645400,1745639700,1745656800.0,1745651340.0,,1745651340.0,194,Long Delay,Unknown,2
EK,UAE,EK7585,UAE7585,7585,MEL,YMML,2,2,2025-04-26 14:30,2025-04-26 04:30,2025-04-26 17:09,2025-04-26 07:09,2025-04-26 17:09,2025-04-26 07:09,ZQN,NZQN,,,,2025-04-26 19:40,2025-04-26 07:40,2025-04-26 22:15,2025-04-26 10:15,,,JQ,219,JQ219,active,190,155,159.0,155.0,,1745653200,1745641800,1745662500.0,1745651340.0,,1745651340.0,159,Long Delay,2,Unknown
LH,DLH,LH1647,DLH1647,1647,GDN,EPGD,,015,2025-04-26 05:55,2025-04-26 03:55,2025-04-26 09:09,2025-04-26 07:09,2025-04-26 09:09,2025-04-26 07:09,MUC,EDDM,2,,,2025-04-26 07:30,2025-04-26 05:30,2025-04-26 10:40,2025-04-26 08:40,,,CL,1647,CL1647,active,95,190,194.0,190.0,CRJ9,1745645400,1745639700,1745656800.0,1745651340.0,,1745651340.0,194,Long Delay,Unknown,2
LO,LOT,LO4961,LOT4961,4961,GDN,EPGD,,015,2025-04-26 05:55,2025-04-26 03:55,2025-04-26 09:09,2025-04-26 07:09,2025-04-26 09:09,2025-04-26 07:09,MUC,EDDM,2,,,2025-04-26 07:30,2025-04-26 05:30,2025-04-26 10:40,2025-04-26 08:40,,,CL,1647,CL1647,active,95,190,194.0,190.0,,1745645400,1745639700,1745656800.0,1745651340.0,,1745651340.0,194,Long Delay,Unknown,2
JQ,JST,JQ219,JST219,219,MEL,YMML,2,2,2025-04-26 14:30,2025-04-26 04:30,2025-04-26 17:09,2025-04-26 07:09,2025-04-26 17:09,2025-04-26 07:09,ZQN,NZQN,,,,2025-04-26 19:40,2025-04-26 07:40,2025-04-26 22:15,2025-04-26 10:15,,,,,,active,190,155,159.0,155.0,A320,1745653200,1745641800,1745662500.0,1745651340.0,,1745651340.0,159,Long Delay,2,Unknown
SQ,SIA,SQ2267,SIA2267,2267,GDN,EPGD,,015,2025-04-26 05:55,2025-04-26 03:55,2025-04-26 09:09,2025-04-26 07:09,2025-04-26 09:09,2025-04-26 07:09,MUC,EDDM,2,,,2025-04-26 07:30,2025-04-26 05:30,2025-04-26 10:40,2025-04-26 08:40,,,CL,1647,CL1647,active,95,190,194.0,190.0,,1745645400,1745639700,1745656800.0,1745651340.0,,1745651340.0,194,Long Delay,Unknown,2
FR,RYR,FR5682,RYR5682,5682,EIN,EHEH,,,2025-04-25 21:15,2025-04-25 19:15,2025-04-26 09:10,2025-04-26 07:10,,,STN,EGSS,1,,,2025-04-25 21:20,2025-04-25 20:20,,,,,,,,scheduled,65,715,715.0,,,1745612400,1745608500,,1745651400.0,,,0,On Time,Unknown,1
ET,ETH,ET207,ETH207,207,DIR,HADR,1,1,2025-04-26 08:10,2025-04-26 05:10,2025-04-26 10:10,2025-04-26 07:10,,,ADD,HAAB,1,,,2025-04-26 09:20,2025-04-26 06:20,2025-04-26 11:10,2025-04-26 08:10,,,,,,scheduled,70,120,120.0,120.0,,1745648400,1745644200,1745655000.0,1745651400.0,,,0,On Time,1,1
SQ,SIA,SQ8373,SIA8373,8373,IPH,WMKI,,,2025-04-26 15:10,2025-04-26 07:10,,,,,SIN,WSSS,1,C17,,2025-04-26 16:30,2025-04-26 08:30,2025-04-26 17:38,2025-04-26 09:38,,,TR,409,TR409,scheduled,80,68,,68.0,,1745656200,1745651400,1745660280.0,,,,0,On Time,Unknown,1
AK,AXM,AK5210,AXM5210,5210,KUL,WMKK,2,,2025-04-26 13:55,2025-04-26 05:55,2025-04-26 15:10,2025-04-26 07:10,,,KCH,WBGG,,,,2025-04-26 15:35,2025-04-26 07:35,2025-04-26 16:57,2025-04-26 08:57,,,,,,scheduled,100,82,75.0,82.0,,1745652900,1745646900,1745657820.0,1745651400.0,,,0,On Time,2,Unknown
5W,WAZ,5W7126,WAZ7126,7126,MED,OEMA,,111,2025-04-26 09:10,2025-04-26 06:10,2025-04-26 10:10,2025-04-26 07:10,2025-04-26 10:10,2025-04-26 07:10,AUH,OMAA,TA,E9,,2025-04-26 12:50,2025-04-26 08:50,,,,,,,,active,160,60,60.0,,,1745657400,1745647800,,1745651400.0,,1745651400.0,60,Long Delay,Unknown,TA
TG,THA,TG316,THA316,316,DEL,VIDP,3,26,2025-04-25 23:30,2025-04-25 18:00,2025-04-26 12:40,2025-04-26 07:10,,,BKK,VTBS,,,,2025-04-26 05:25,2025-04-25 22:25,,,,,,,,scheduled,265,790,790.0,,,1745619900,1745604000,,1745651400.0,,,0,On Time,3,Unknown
TR,TGW,TR409,TGW409,409,IPH,WMKI,,,2025-04-26 15:10,2025-04-26 07:10,,,,,SIN,WSSS,1,C17,,2025-04-26 16:30,2025-04-26 08:30,2025-04-26 17:38,2025-04-26 09:38,,,,,,scheduled,80,68,,68.0,,1745656200,1745651400,1745660280.0,,,,0,On Time,Unknown,1
NH,ANA,NH5944,ANA5944,5944,DEL,VIDP,3,26,2025-04-25 23:30,2025-04-25 18:00,2025-04-26 12:40,2025-04-26 07:10,,,BKK,VTBS,,,,2025-04-26 05:25,2025-04-25 22:25,,,,,TG,316,TG316,scheduled,265,790,790.0,,,1745619900,1745604000,,1745651400.0,,,0,On Time,3,Unknown
AA,AAL,AA7387,AAL7387,7387,LAX,KLAX,TBIT,,2025-04-25 23:10,2025-04-26 06:10,2025-04-26 00:11,2025-04-26 07:11,2025-04-26 00:11,2025-04-26 07:11,SYD,YSSY,1,10,,2025-04-27 07:30,2025-04-26 21:30,2025-04-27 07:50,2025-04-26 21:50,,,QF,12,QF12,active,920,61,61.0,20.0,,1745703000,1745647800,1745704200.0,1745651460.0,,1745651460.0,61,Long Delay,TBIT,1
NK,NKS,NK685,NKS685,685,LAS,KLAS,1,A7,2025-04-25 22:37,2025-04-26 05:37,2025-04-26 00:11,2025-04-26 07:11,2025-04-26 00:11,2025-04-26 07:11,PIT,KPIT,,,,2025-04-26 05:45,2025-04-26 09:45,2025-04-26 06:48,2025-04-26 10:48,,,,,,active,248,63,94.0,63.0,A321,1745660700,1745645820,1745664480.0,1745651460.0,,1745651460.0,94,Long Delay,1,Unknown
QF,QFA,QF12,QFA12,12,LAX,KLAX,TBIT,,2025-04-25 23:10,2025-04-26 06:10,2025-04-26 00:11,2025-04-26 07:11,2025-04-26 00:11,2025-04-26 07:11,SYD,YSSY,1,10,,2025-04-27 07:30,2025-04-26 21:30,2025-04-27 07:50,2025-04-26 21:50,,,,,,active,920,61,61.0,20.0,A388,1745703000,1745647800,1745704200.0,1745651460.0,,1745651460.0,61,Long Delay,TBIT,1
AS,ASA,AS5214,ASA5214,5214,LAX,KLAX,TBIT,,2025-04-25 23:10,2025-04-26 06:10,2025-04-26 00:11,2025-04-26 07:11,2025-04-26 00:11,2025-04-26 07:11,SYD,YSSY,1,10,,2025-04-27 07:30,2025-04-26 21:30,2025-04-27 07:50,2025-04-26 21:50,,,QF,12,QF12,active,920,61,61.0,20.0,,1745703000,1745647800,1745704200.0,1745651460.0,,1745651460.0,61,Long Delay,TBIT,1
WS,WJA,WS6000,WJA6000,6000,LAX,KLAX,TBIT,,2025-04-25 23:10,2025-04-26 06:10,2025-04-26 00:11,2025-04-26 07:11,2025-04-26 00:11,2025-04-26 07:11,SYD,YSSY,1,10,,2025-04-27 07:30,2025-04-26 21:30,2025-04-27 07:50,2025-04-26 21:50,,,QF,12,QF12,active,920,61,61.0,20.0,,1745703000,1745647800,1745704200.0,1745651460.0,,1745651460.0,61,Long Delay,TBIT,1
ID,BTK,ID6360,BTK6360,6360,CGK,WIII,,,2025-04-26 13:10,2025-04-26 06:10,2025-04-26 14:12,2025-04-26 07:12,2025-04-26 14:12,2025-04-26 07:12,YIA,WAHI,,,,2025-04-26 14:20,2025-04-26 07:20,,,,,,,,active,70,62,62.0,,A320,1745652000,1745647800,,1745651520.0,,1745651520.0,62,Long Delay,Unknown,Unknown
DL,DAL,DL7819,DAL7819,7819,ICN,RKSI,2,,2025-04-26 14:45,2025-04-26 05:45,2025-04-26 16:14,2025-04-26 07:14,2025-04-26 16:14,2025-04-26 07:14,SIN,WSSS,4,G19,,2025-04-26 19:55,2025-04-26 11:55,2025-04-26 21:29,2025-04-26 13:29,,,KE,643,KE643,active,370,94,89.0,94.0,,1745668500,1745646300,1745674140.0,1745651640.0,,1745651640.0,89,Long Delay,2,4
WS,WJA,WS6033,WJA6033,6033,ICN,RKSI,2,,2025-04-26 14:45,2025-04-26 05:45,2025-04-26 16:14,2025-04-26 07:14,2025-04-26 16:14,2025-04-26 07:14,SIN,WSSS,4,G19,,2025-04-26 19:55,2025-04-26 11:55,2025-04-26 21:29,2025-04-26 13:29,,,KE,643,KE643,active,370,94,89.0,94.0,,1745668500,1745646300,1745674140.0,1745651640.0,,1745651640.0,89,Long Delay,2,4
KE,KAL,KE643,KAL643,643,ICN,RKSI,2,,2025-04-26 14:45,2025-04-26 05:45,2025-04-26 16:14,2025-04-26 07:14,2025-04-26 16:14,2025-04-26 07:14,SIN,WSSS,4,G19,,2025-04-26 19:55,2025-04-26 11:55,2025-04-26 21:29,2025-04-26 13:29,,,,,,active,370,94,89.0,94.0,,1745668500,1745646300,1745674140.0,1745651640.0,,1745651640.0,89,Long Delay,2,4
H4,HYS,H4492,HYS492,492,VCE,LIPZ,,,2025-04-26 08:00,2025-04-26 06:00,2025-04-26 09:15,2025-04-26 07:15,,,KIV,LUKK,,,,2025-04-26 11:00,2025-04-26 08:00,,,,,,,,scheduled,120,75,75.0,,A320,1745654400,1745647200,,1745651700.0,,,0,On Time,Unknown,Unknown
MS,MSR,MS9617,MSR9617,9617,YYZ,CYYZ,1,,2025-04-25 20:30,2025-04-26 00:30,2025-04-26 03:15,2025-04-26 07:15,2025-04-26 03:15,2025-04-26 07:15,LHR,EGLL,2,,,2025-04-26 08:35,2025-04-26 07:35,2025-04-26 00:15,2025-04-25 23:15,2025-04-26 00:15,2025-04-25 23:15,AC,856,AC856,active,425,405,405.0,,,1745652900,1745627400,1745622900.0,1745651700.0,1745622900.0,1745651700.0,405,Long Delay,1,2
ME,MEA,ME4522,MEA4522,4522,YYZ,CYYZ,1,,2025-04-25 20:30,2025-04-26 00:30,2025-04-26 03:15,2025-04-26 07:15,2025-04-26 03:15,2025-04-26 07:15,LHR,EGLL,2,,,2025-04-26 08:35,2025-04-26 07:35,2025-04-26 00:15,2025-04-25 23:15,2025-04-26 00:15,2025-04-25 23:15,AC,856,AC856,active,425,405,405.0,,,1745652900,1745627400,1745622900.0,1745651700.0,1745622900.0,1745651700.0,405,Long Delay,1,2
LH,DLH,LH6585,DLH6585,6585,YYZ,CYYZ,1,,2025-04-25 20:30,2025-04-26 00:30,2025-04-26 03:15,2025-04-26 07:15,2025-04-26 03:15,2025-04-26 07:15,LHR,EGLL,2,,,2025-04-26 08:35,2025-04-26 07:35,2025-04-26 00:15,2025-04-25 23:15,2025-04-26 00:15,2025-04-25 23:15,AC,856,AC856,active,425,405,405.0,,,1745652900,1745627400,1745622900.0,1745651700.0,1745622900.0,1745651700.0,405,Long Delay,1,2
UA,UAL,UA8268,UAL8268,8268,YYZ,CYYZ,1,,2025-04-25 20:30,2025-04-26 00:30,2025-04-26 03:15,2025-04-26 07:15,2025-04-26 03:15,2025-04-26 07:15,LHR,EGLL,2,,,2025-04-26 08:35,2025-04-26 07:35,2025-04-26 00:15,2025-04-25 23:15,2025-04-26 00:15,2025-04-25 23:15,AC,856,AC856,active,425,405,405.0,,,1745652900,1745627400,1745622900.0,1745651700.0,1745622900.0,1745651700.0,405,Long Delay,1,2
EK,UAE,EK7534,UAE7534,7534,CHC,NZCH,,D21,2025-04-26 16:30,2025-04-26 04:30,2025-04-26 19:15,2025-04-26 07:15,2025-04-26 19:15,2025-04-26 07:15,AKL,NZAA,D,,DTB1,2025-04-26 17:50,2025-04-26 05:50,2025-04-26 20:35,2025-04-26 08:35,,,JQ,238,JQ238,active,80,165,165.0,165.0,,1745646600,1745641800,1745656500.0,1745651700.0,,1745651700.0,165,Long Delay,Unknown,D
OS,AUA,OS8224,AUA8224,8224,YYZ,CYYZ,1,,2025-04-25 20:30,2025-04-26 00:30,2025-04-26 03:15,2025-04-26 07:15,2025-04-26 03:15,2025-04-26 07:15,LHR,EGLL,2,,,2025-04-26 08:35,2025-04-26 07:35,2025-04-26 00:15,2025-04-25 23:15,2025-04-26 00:15,2025-04-25 23:15,AC,856,AC856,active,425,405,405.0,,,1745652900,1745627400,1745622900.0,1745651700.0,1745622900.0,1745651700.0,405,Long Delay,1,2
AC,ACA,AC856,ACA856,856,YYZ,CYYZ,1,,2025-04-25 20:30,2025-04-26 00:30,2025-04-26 03:15,2025-04-26 07:15,2025-04-26 03:15,2025-04-26 07:15,LHR,EGLL,2,,,2025-04-26 08:35,2025-04-26 07:35,2025-04-26 00:15,2025-04-25 23:15,2025-04-26 00:15,2025-04-25 23:15,,,,active,425,405,405.0,,B789,1745652900,1745627400,1745622900.0,1745651700.0,1745622900.0,1745651700.0,405,Long Delay,1,2
FJ,FJI,FJ5524,FJI5524,5524,CHC,NZCH,,D21,2025-04-26 16:30,2025-04-26 04:30,2025-04-26 19:15,2025-04-26 07:15,2025-04-26 19:15,2025-04-26 07:15,AKL,NZAA,D,,DTB1,2025-04-26 17:50,2025-04-26 05:50,2025-04-26 20:35,2025-04-26 08:35,,,JQ,238,JQ238,active,80,165,165.0,165.0,,1745646600,1745641800,1745656500.0,1745651700.0,,1745651700.0,165,Long Delay,Unknown,D
QF,QFA,QF5764,QFA5764,5764,CHC,NZCH,,D21,2025-04-26 16:30,2025-04-26 04:30,2025-04-26 19:15,2025-04-26 07:15,2025-04-26 19:15,2025-04-26 07:15,AKL,NZAA,D,,DTB1,2025-04-26 17:50,2025-04-26 05:50,2025-04-26 20:35,2025-04-26 08:35,,,JQ,238,JQ238,active,80,165,165.0,165.0,,1745646600,1745641800,1745656500.0,1745651700.0,,1745651700.0,165,Long Delay,Unknown,D
IX,AXB,IX744,AXB744,744,SHJ,OMSJ,,,2025-04-26 08:05,2025-04-26 04:05,2025-04-26 11:15,2025-04-26 07:15,2025-04-26 11:15,2025-04-26 07:15,CNN,VOKN,,,,2025-04-26 13:35,2025-04-26 08:05,2025-04-26 16:23,2025-04-26 10:53,,,,,,active,240,190,190.0,168.0,,1745654700,1745640300,1745664780.0,1745651700.0,,1745651700.0,190,Long Delay,Unknown,Unknown
JQ,JST,JQ238,JST238,238,CHC,NZCH,,D21,2025-04-26 16:30,2025-04-26 04:30,2025-04-26 19:15,2025-04-26 07:15,2025-04-26 19:15,2025-04-26 07:15,AKL,NZAA,D,,DTB1,2025-04-26 17:50,2025-04-26 05:50,2025-04-26 20:35,2025-04-26 08:35,,,,,,active,80,165,165.0,165.0,,1745646600,1745641800,1745656500.0,1745651700.0,,1745651700.0,165,Long Delay,Unknown,D
AI,AIC,AI9180,AIC9180,9180,SHJ,OMSJ,,,2025-04-26 08:05,2025-04-26 04:05,2025-04-26 11:15,2025-04-26 07:15,2025-04-26 11:15,2025-04-26 07:15,CNN,VOKN,,,,2025-04-26 13:35,2025-04-26 08:05,2025-04-26 16:23,2025-04-26 10:53,,,IX,744,IX744,active,240,190,190.0,168.0,,1745654700,1745640300,1745664780.0,1745651700.0,,1745651700.0,190,Long Delay,Unknown,Unknown
A3,AEE,A33054,AEE3054,3054,YYZ,CYYZ,1,,2025-04-25 20:30,2025-04-26 00:30,2025-04-26 03:15,2025-04-26 07:15,2025-04-26 03:15,2025-04-26 07:15,LHR,EGLL,2,,,2025-04-26 08:35,2025-04-26 07:35,2025-04-26 00:15,2025-04-25 23:15,2025-04-26 00:15,2025-04-25 23:15,AC,856,AC856,active,425,405,405.0,,,1745652900,1745627400,1745622900.0,1745651700.0,1745622900.0,1745651700.0,405,Long Delay,1,2
CM,CMP,CM2534,CMP2534,2534,SFO,KSFO,3,F14,2025-04-25 21:30,2025-04-26 04:30,2025-04-26 00:16,2025-04-26 07:16,2025-04-26 00:16,2025-04-26 07:16,RNO,KRNO,,C5,,2025-04-25 22:39,2025-04-26 05:39,2025-04-26 01:21,2025-04-26 08:21,,,UA,2385,UA2385,active,69,166,166.0,162.0,,1745645940,1745641800,1745655660.0,1745651760.0,,1745651760.0,166,Long Delay,3,Unknown
UA,UAL,UA2385,UAL2385,2385,SFO,KSFO,3,F14,2025-04-25 21:30,2025-04-26 04:30,2025-04-26 00:16,2025-04-26 07:16,2025-04-26 00:16,2025-04-26 07:16,RNO,KRNO,,C5,,2025-04-25 22:39,2025-04-26 05:39,2025-04-26 01:21,2025-04-26 08:21,,,,,,active,69,166,166.0,162.0,A320,1745645940,1745641800,1745655660.0,1745651760.0,,1745651760.0,166,Long Delay,3,Unknown
OZ,AAR,OZ6345,AAR6345,6345,SFO,KSFO,3,F14,2025-04-25 21:30,2025-04-26 04:30,2025-04-26 00:16,2025-04-26 07:16,2025-04-26 00:16,2025-04-26 07:16,RNO,KRNO,,C5,,2025-04-25 22:39,2025-04-26 05:39,2025-04-26 01:21,2025-04-26 08:21,,,UA,2385,UA2385,active,69,166,166.0,162.0,,1745645940,1745641800,1745655660.0,1745651760.0,,1745651760.0,166,Long Delay,3,Unknown
LH,DLH,LH8908,DLH8908,8908,SFO,KSFO,3,F14,2025-04-25 21:30,2025-04-26 04:30,2025-04-26 00:16,2025-04-26 07:16,2025-04-26 00:16,2025-04-26 07:16,RNO,KRNO,,C5,,2025-04-25 22:39,2025-04-26 05:39,2025-04-26 01:21,2025-04-26 08:21,,,UA,2385,UA2385,active,69,166,166.0,162.0,,1745645940,1745641800,1745655660.0,1745651760.0,,1745651760.0,166,Long Delay,3,Unknown
9C,CQH,9C8848,CQH8848,8848,LHW,ZLLL,T3,,2025-04-26 15:00,2025-04-26 07:00,2025-04-26 15:16,2025-04-26 07:16,,,PVG,ZSPD,2,,40,2025-04-26 17:55,2025-04-26 09:55,2025-04-26 19:21,2025-04-26 11:21,,,,,,scheduled,175,86,16.0,86.0,,1745661300,1745650800,1745666460.0,1745651760.0,,,0,On Time,T3,2
QF,QFA,QF8372,QFA8372,8372,DXB,OMDB,3,A13,2025-04-26 09:40,2025-04-26 05:40,2025-04-26 11:17,2025-04-26 07:17,2025-04-26 11:17,2025-04-26 07:17,BKK,VTBS,,,,2025-04-26 18:55,2025-04-26 11:55,2025-04-26 20:01,2025-04-26 13:01,,,EK,372,EK372,active,375,66,97.0,66.0,,1745668500,1745646000,1745672460.0,1745651820.0,,1745651820.0,97,Long Delay,3,Unknown
TP,TAP,TP6362,TAP6362,6362,DXB,OMDB,3,A13,2025-04-26 09:40,2025-04-26 05:40,2025-04-26 11:17,2025-04-26 07:17,2025-04-26 11:17,2025-04-26 07:17,BKK,VTBS,,,,2025-04-26 18:55,2025-04-26 11:55,2025-04-26 20:01,2025-04-26 13:01,,,EK,372,EK372,active,375,66,97.0,66.0,,1745668500,1745646000,1745672460.0,1745651820.0,,1745651820.0,97,Long Delay,3,Unknown
BT,BTI,BT5811,BTI5811,5811,DXB,OMDB,3,A13,2025-04-26 09:40,2025-04-26 05:40,2025-04-26 11:17,2025-04-26 07:17,2025-04-26 11:17,2025-04-26 07:17,BKK,VTBS,,,,2025-04-26 18:55,2025-04-26 11:55,2025-04-26 20:01,2025-04-26 13:01,,,EK,372,EK372,active,375,66,97.0,66.0,,1745668500,1745646000,1745672460.0,1745651820.0,,1745651820.0,97,Long Delay,3,Unknown
EK,UAE,EK372,UAE372,372,DXB,OMDB,3,A13,2025-04-26 09:40,2025-04-26 05:40,2025-04-26 11:17,2025-04-26 07:17,2025-04-26 11:17,2025-04-26 07:17,BKK,VTBS,,,,2025-04-26 18:55,2025-04-26 11:55,2025-04-26 20:01,2025-04-26 13:01,,,,,,active,375,66,97.0,66.0,,1745668500,1745646000,1745672460.0,1745651820.0,,1745651820.0,97,Long Delay,3,Unknown
AI,AIC,AI9606,AIC9606,9606,IDR,VAID,,,2025-04-26 09:50,2025-04-26 04:20,2025-04-26 12:49,2025-04-26 07:19,2025-04-26 12:49,2025-04-26 07:19,BLR,VOBL,2,,6A,2025-04-26 12:00,2025-04-26 06:30,2025-04-26 14:48,2025-04-26 09:18,,,IX,1454,IX1454,active,130,168,179.0,168.0,,1745649000,1745641200,1745659080.0,1745651940.0,,1745651940.0,179,Long Delay,Unknown,2
IX,AXB,IX1454,AXB1454,1454,IDR,VAID,,,2025-04-26 09:50,2025-04-26 04:20,2025-04-26 12:49,2025-04-26 07:19,2025-04-26 12:49,2025-04-26 07:19,BLR,VOBL,2,,6A,2025-04-26 12:00,2025-04-26 06:30,2025-04-26 14:48,2025-04-26 09:18,,,,,,active,130,168,179.0,168.0,,1745649000,1745641200,1745659080.0,1745651940.0,,1745651940.0,179,Long Delay,Unknown,2
AZ,ITY,AZ3400,ITY3400,3400,PHX,KPHX,3,F10,2025-04-25 23:12,2025-04-26 06:12,2025-04-26 00:20,2025-04-26 07:20,2025-04-26 00:20,2025-04-26 07:20,JFK,KJFK,4,B33,T4,2025-04-26 07:00,2025-04-26 11:00,2025-04-26 07:41,2025-04-26 11:41,,,DL,548,DL548,active,288,68,68.0,41.0,,1745665200,1745647920,1745667660.0,1745652000.0,,1745652000.0,68,Long Delay,3,4
VS,VIR,VS3195,VIR3195,3195,PHX,KPHX,3,F10,2025-04-25 23:12,2025-04-26 06:12,2025-04-26 00:20,2025-04-26 07:20,2025-04-26 00:20,2025-04-26 07:20,JFK,KJFK,4,B33,T4,2025-04-26 07:00,2025-04-26 11:00,2025-04-26 07:41,2025-04-26 11:41,,,DL,548,DL548,active,288,68,68.0,41.0,,1745665200,1745647920,1745667660.0,1745652000.0,,1745652000.0,68,Long Delay,3,4
SV,SVA,SV6868,SVA6868,6868,PHX,KPHX,3,F10,2025-04-25 23:12,2025-04-26 06:12,2025-04-26 00:20,2025-04-26 07:20,2025-04-26 00:20,2025-04-26 07:20,JFK,KJFK,4,B33,T4,2025-04-26 07:00,2025-04-26 11:00,2025-04-26 07:41,2025-04-26 11:41,,,DL,548,DL548,active,288,68,68.0,41.0,,1745665200,1745647920,1745667660.0,1745652000.0,,1745652000.0,68,Long Delay,3,4
F9,FFT,F94672,FFT4672,4672,PHX,KPHX,3,F4,2025-04-25 21:45,2025-04-26 04:45,2025-04-26 00:20,2025-04-26 07:20,2025-04-26 00:20,2025-04-26 07:20,DTW,KDTW,N,D25,,2025-04-26 04:39,2025-04-26 08:39,2025-04-26 06:55,2025-04-26 10:55,,,,,,active,234,155,155.0,136.0,A20N,1745656740,1745642700,1745664900.0,1745652000.0,,1745652000.0,155,Long Delay,3,N
KQ,KQA,KQ7022,KQA7022,7022,PHX,KPHX,3,F10,2025-04-25 23:12,2025-04-26 06:12,2025-04-26 00:20,2025-04-26 07:20,2025-04-26 00:20,2025-04-26 07:20,JFK,KJFK,4,B33,T4,2025-04-26 07:00,2025-04-26 11:00,2025-04-26 07:41,2025-04-26 11:41,,,DL,548,DL548,active,288,68,68.0,41.0,,1745665200,1745647920,1745667660.0,1745652000.0,,1745652000.0,68,Long Delay,3,4
DL,DAL,DL548,DAL548,548,PHX,KPHX,3,F10,2025-04-25 23:12,2025-04-26 06:12,2025-04-26 00:20,2025-04-26 07:20,2025-04-26 00:20,2025-04-26 07:20,JFK,KJFK,4,B33,T4,2025-04-26 07:00,2025-04-26 11:00,2025-04-26 07:41,2025-04-26 11:41,,,,,,active,288,68,68.0,41.0,,1745665200,1745647920,1745667660.0,1745652000.0,,1745652000.0,68,Long Delay,3,4
LA,LAN,LA8656,LAN8656,8656,PHX,KPHX,3,F10,2025-04-25 23:12,2025-04-26 06:12,2025-04-26 00:20,2025-04-26 07:20,2025-04-26 00:20,2025-04-26 07:20,JFK,KJFK,4,B33,T4,2025-04-26 07:00,2025-04-26 11:00,2025-04-26 07:41,2025-04-26 11:41,,,DL,548,DL548,active,288,68,68.0,41.0,,1745665200,1745647920,1745667660.0,1745652000.0,,1745652000.0,68,Long Delay,3,4
MS,MSR,MS265,MSR265,265,LXR,HELX,,,2025-04-26 08:50,2025-04-26 05:50,2025-04-26 10:20,2025-04-26 07:20,,,CAI,HECA,3,,,2025-04-26 10:00,2025-04-26 07:00,,,,,,,,scheduled,70,90,90.0,,,1745650800,1745646600,,1745652000.0,,,0,On Time,Unknown,3
DL,DAL,DL6108,DAL6108,6108,NAT,SBSG,1,4,2025-04-26 02:40,2025-04-26 05:40,2025-04-26 04:21,2025-04-26 07:21,2025-04-26 04:21,2025-04-26 07:21,GRU,SBGR,2,,,2025-04-26 06:10,2025-04-26 09:10,2025-04-26 07:51,2025-04-26 10:51,,,JJ,3445,JJ3445,active,210,101,101.0,101.0,,1745658600,1745646000,1745664660.0,1745652060.0,,1745652060.0,101,Long Delay,1,2
LA,LAN,LA3445,LAN3445,3445,NAT,SBSG,1,4,2025-04-26 02:40,2025-04-26 05:40,2025-04-26 04:21,2025-04-26 07:21,2025-04-26 04:21,2025-04-26 07:21,GRU,SBGR,2,,,2025-04-26 06:10,2025-04-26 09:10,2025-04-26 07:51,2025-04-26 10:51,,,JJ,3445,JJ3445,active,210,101,101.0,101.0,,1745658600,1745646000,1745664660.0,1745652060.0,,1745652060.0,101,Long Delay,1,2
AM,AMX,AM8545,AMX8545,8545,NAT,SBSG,1,4,2025-04-26 02:40,2025-04-26 05:40,2025-04-26 04:21,2025-04-26 07:21,2025-04-26 04:21,2025-04-26 07:21,GRU,SBGR,2,,,2025-04-26 06:10,2025-04-26 09:10,2025-04-26 07:51,2025-04-26 10:51,,,JJ,3445,JJ3445,active,210,101,101.0,101.0,,1745658600,1745646000,1745664660.0,1745652060.0,,1745652060.0,101,Long Delay,1,2
NU,JTA,NU565,JTA565,565,OKA,ROAH,,,2025-04-26 15:20,2025-04-26 06:20,2025-04-26 16:21,2025-04-26 07:21,2025-04-26 16:21,2025-04-26 07:21,MMY,ROMY,,,,2025-04-26 16:10,2025-04-26 07:10,,,,,,,,active,50,61,61.0,,,1745651400,1745648400,,1745652060.0,,1745652060.0,61,Long Delay,Unknown,Unknown
AR,ARG,AR8283,ARG8283,8283,NAT,SBSG,1,4,2025-04-26 02:40,2025-04-26 05:40,2025-04-26 04:21,2025-04-26 07:21,2025-04-26 04:21,2025-04-26 07:21,GRU,SBGR,2,,,2025-04-26 06:10,2025-04-26 09:10,2025-04-26 07:51,2025-04-26 10:51,,,JJ,3445,JJ3445,active,210,101,101.0,101.0,,1745658600,1745646000,1745664660.0,1745652060.0,,1745652060.0,101,Long Delay,1,2
QR,QTR,QR5187,QTR5187,5187,NAT,SBSG,1,4,2025-04-26 02:40,2025-04-26 05:40,2025-04-26 04:21,2025-04-26 07:21,2025-04-26 04:21,2025-04-26 07:21,GRU,SBGR,2,,,2025-04-26 06:10,2025-04-26 09:10,2025-04-26 07:51,2025-04-26 10:51,,,JJ,3445,JJ3445,active,210,101,101.0,101.0,,1745658600,1745646000,1745664660.0,1745652060.0,,1745652060.0,101,Long Delay,1,2
JJ,TAM,JJ3445,TAM3445,3445,NAT,SBSG,1,4,2025-04-26 02:40,2025-04-26 05:40,2025-04-26 04:21,2025-04-26 07:21,2025-04-26 04:21,2025-04-26 07:21,GRU,SBGR,2,,,2025-04-26 06:10,2025-04-26 09:10,2025-04-26 07:51,2025-04-26 10:51,,,,,,active,210,101,101.0,101.0,,1745658600,1745646000,1745664660.0,1745652060.0,,1745652060.0,101,Long Delay,1,2
KL,KLM,KL3839,KLM3839,3839,MEL,YMML,2,16A,2025-04-26 15:50,2025-04-26 05:50,2025-04-26 17:25,2025-04-26 07:25,,,DPS,WADD,I,9B,,2025-04-26 20:00,2025-04-26 12:00,2025-04-26 21:35,2025-04-26 13:35,,,JQ,33,JQ33,scheduled,370,95,95.0,95.0,,1745668800,1745646600,1745674500.0,1745652300.0,,,0,On Time,2,I
D8,NSZ,D84335,NSZ4335,4335,ARN,ESSA,5,C37,2025-04-26 07:30,2025-04-26 05:30,2025-04-26 09:25,2025-04-26 07:25,,,SPU,LDSP,,,,2025-04-26 10:15,2025-04-26 08:15,2025-04-26 12:10,2025-04-26 10:10,,,,,,scheduled,165,115,115.0,115.0,,1745655300,1745645400,1745662200.0,1745652300.0,,,0,On Time,5,Unknown
JQ,JST,JQ33,JST33,33,MEL,YMML,2,16A,2025-04-26 15:50,2025-04-26 05:50,2025-04-26 17:25,2025-04-26 07:25,,,DPS,WADD,I,9B,,2025-04-26 20:00,2025-04-26 12:00,2025-04-26 21:35,2025-04-26 13:35,,,,,,scheduled,370,95,95.0,95.0,,1745668800,1745646600,1745674500.0,1745652300.0,,,0,On Time,2,I
AK,AXM,AK5432,AXM5432,5432,PEN,WMKP,,,2025-04-26 13:55,2025-04-26 05:55,2025-04-26 15:26,2025-04-26 07:26,,,KCH,WBGG,,,,2025-04-26 15:55,2025-04-26 07:55,2025-04-26 17:26,2025-04-26 09:26,,,,,,scheduled,120,91,91.0,91.0,,1745654100,1745646900,1745659560.0,1745652360.0,,,0,On Time,Unknown,Unknown
NZ,ANZ,NZ7003,ANZ7003,7003,TMW,YSTW,,,2025-04-26 10:25,2025-04-26 00:25,2025-04-26 17:30,2025-04-26 07:30,,,SYD,YSSY,3,1C,QFR,2025-04-26 11:30,2025-04-26 01:30,2025-04-26 18:35,2025-04-26 08:35,,,,2003,,scheduled,65,425,425.0,425.0,,1745631000,1745627100,1745656500.0,1745652600.0,,,0,On Time,Unknown,3
KL,KLM,KL5180,KLM5180,5180,RDU,KRDU,2,C1,2025-04-25 19:59,2025-04-25 23:59,2025-04-26 03:30,2025-04-26 07:30,,,ATL,KATL,S,B2,8,2025-04-25 21:40,2025-04-26 01:40,2025-04-26 04:45,2025-04-26 08:45,,,DL,1097,DL1097,scheduled,101,451,451.0,425.0,,1745631600,1745625540,1745657100.0,1745652600.0,,,0,On Time,2,S
EK,UAE,EK5116,UAE5116,5116,TMW,YSTW,,,2025-04-26 10:25,2025-04-26 00:25,2025-04-26 17:30,2025-04-26 07:30,,,SYD,YSSY,3,1C,QFR,2025-04-26 11:30,2025-04-26 01:30,2025-04-26 18:35,2025-04-26 08:35,,,,2003,,scheduled,65,425,425.0,425.0,,1745631000,1745627100,1745656500.0,1745652600.0,,,0,On Time,Unknown,3
KE,KAL,KE7010,KAL7010,7010,RDU,KRDU,2,C1,2025-04-25 19:59,2025-04-25 23:59,2025-04-26 03:30,2025-04-26 07:30,,,ATL,KATL,S,B2,8,2025-04-25 21:40,2025-04-26 01:40,2025-04-26 04:45,2025-04-26 08:45,,,DL,1097,DL1097,scheduled,101,451,451.0,425.0,,1745631600,1745625540,1745657100.0,1745652600.0,,,0,On Time,2,S
KE,KAL,KE704,KAL704,704,NRT,RJAA,1N,,2025-04-26 14:00,2025-04-26 05:00,2025-04-26 16:30,2025-04-26 07:30,,,ICN,RKSI,2,,,2025-04-26 16:30,2025-04-26 07:30,2025-04-26 20:05,2025-04-26 11:05,,,,,,scheduled,150,150,150.0,215.0,,1745652600,1745643600,1745665500.0,1745652600.0,,,0,On Time,1N,2
DL,DAL,DL1097,DAL1097,1097,RDU,KRDU,2,C1,2025-04-25 19:59,2025-04-25 23:59,2025-04-26 03:30,2025-04-26 07:30,,,ATL,KATL,S,B2,8,2025-04-25 21:40,2025-04-26 01:40,2025-04-26 04:45,2025-04-26 08:45,,,,,,scheduled,101,451,451.0,425.0,,1745631600,1745625540,1745657100.0,1745652600.0,,,0,On Time,2,S
CA,CCA,CA5101,CCA5101,5101,PVG,ZSPD,2,,2025-04-26 14:15,2025-04-26 06:15,2025-04-26 15:30,2025-04-26 07:30,,,AKL,NZAA,I,2,ITB3,2025-04-27 05:40,2025-04-26 17:40,2025-04-27 06:55,2025-04-26 18:55,,,NZ,288,NZ288,scheduled,685,75,75.0,75.0,,1745689200,1745648100,1745693700.0,1745652600.0,,,0,On Time,2,I
U2,EZY,U24787,EZY4787,4787,NTE,LFRS,,,2025-04-26 08:05,2025-04-26 06:05,2025-04-26 09:30,2025-04-26 07:30,,,RBA,GMME,,,,2025-04-26 09:45,2025-04-26 08:45,2025-04-26 10:50,2025-04-26 09:50,,,EC,4787,EC4787,scheduled,160,65,85.0,65.0,,1745657100,1745647500,1745661000.0,1745652600.0,,,0,On Time,Unknown,Unknown
EC,EJU,EC4787,EJU4787,4787,NTE,LFRS,,,2025-04-26 08:05,2025-04-26 06:05,2025-04-26 09:30,2025-04-26 07:30,,,RBA,GMME,,,,2025-04-26 09:45,2025-04-26 08:45,2025-04-26 10:50,2025-04-26 09:50,,,,,,scheduled,160,65,85.0,65.0,,1745657100,1745647500,1745661000.0,1745652600.0,,,0,On Time,Unknown,Unknown
,NTH,,NTH2748,2748,HKD,RJCH,,3,2025-04-26 14:00,2025-04-26 05:00,2025-04-26 16:30,2025-04-26 07:30,,,OKD,RJCO,,,,2025-04-26 14:40,2025-04-26 05:40,2025-04-26 16:45,2025-04-26 07:45,,,,,,scheduled,40,125,150.0,125.0,,1745646000,1745643600,1745653500.0,1745652600.0,,,0,On Time,Unknown,Unknown
AM,AMX,AM6754,AMX6754,6754,NRT,RJAA,1N,,2025-04-26 14:00,2025-04-26 05:00,2025-04-26 16:30,2025-04-26 07:30,,,ICN,RKSI,2,,,2025-04-26 16:30,2025-04-26 07:30,2025-04-26 20:05,2025-04-26 11:05,,,KE,704,KE704,scheduled,150,150,150.0,215.0,,1745652600,1745643600,1745665500.0,1745652600.0,,,0,On Time,1N,2
DL,DAL,DL7780,DAL7780,7780,NRT,RJAA,1N,,2025-04-26 14:00,2025-04-26 05:00,2025-04-26 16:30,2025-04-26 07:30,,,ICN,RKSI,2,,,2025-04-26 16:30,2025-04-26 07:30,2025-04-26 20:05,2025-04-26 11:05,,,KE,704,KE704,scheduled,150,150,150.0,215.0,,1745652600,1745643600,1745665500.0,1745652600.0,,,0,On Time,1N,2
QF,QFA,QF2003,QFA2003,2003,TMW,YSTW,,,2025-04-26 10:25,2025-04-26 00:25,2025-04-26 17:30,2025-04-26 07:30,,,SYD,YSSY,3,1C,QFR,2025-04-26 11:30,2025-04-26 01:30,2025-04-26 18:35,2025-04-26 08:35,,,,2003,,scheduled,65,425,425.0,425.0,,1745631000,1745627100,1745656500.0,1745652600.0,,,0,On Time,Unknown,3
6E,IGO,6E7718,IGO7718,7718,IXC,VICG,,,2025-04-26 12:00,2025-04-26 06:30,2025-04-26 13:00,2025-04-26 07:30,,,DHM,VIGG,,,,2025-04-26 13:05,2025-04-26 07:35,2025-04-26 13:55,2025-04-26 08:25,,,,,,scheduled,65,60,60.0,50.0,,1745652900,1745649000,1745655900.0,1745652600.0,,,0,On Time,Unknown,Unknown
LA,LAN,LA6119,LAN6119,6119,RDU,KRDU,2,C1,2025-04-25 19:59,2025-04-25 23:59,2025-04-26 03:30,2025-04-26 07:30,,,ATL,KATL,S,B2,8,2025-04-25 21:40,2025-04-26 01:40,2025-04-26 04:45,2025-04-26 08:45,,,DL,1097,DL1097,scheduled,101,451,451.0,425.0,,1745631600,1745625540,1745657100.0,1745652600.0,,,0,On Time,2,S
JL,JAL,JL2748,JAL2748,2748,HKD,RJCH,,3,2025-04-26 14:00,2025-04-26 05:00,2025-04-26 16:30,2025-04-26 07:30,,,OKD,RJCO,,,,2025-04-26 14:40,2025-04-26 05:40,2025-04-26 16:45,2025-04-26 07:45,,,,2748,,scheduled,40,125,150.0,125.0,,1745646000,1745643600,1745653500.0,1745652600.0,,,0,On Time,Unknown,Unknown
JL,JAL,JL5205,JAL5205,5205,NRT,RJAA,1N,,2025-04-26 14:00,2025-04-26 05:00,2025-04-26 16:30,2025-04-26 07:30,,,ICN,RKSI,2,,,2025-04-26 16:30,2025-04-26 07:30,2025-04-26 20:05,2025-04-26 11:05,,,KE,704,KE704,scheduled,150,150,150.0,215.0,,1745652600,1745643600,1745665500.0,1745652600.0,,,0,On Time,1N,2
VS,VIR,VS5276,VIR5276,5276,RDU,KRDU,2,C1,2025-04-25 19:59,2025-04-25 23:59,2025-04-26 03:30,2025-04-26 07:30,,,ATL,KATL,S,B2,8,2025-04-25 21:40,2025-04-26 01:40,2025-04-26 04:45,2025-04-26 08:45,,,DL,1097,DL1097,scheduled,101,451,451.0,425.0,,1745631600,1745625540,1745657100.0,1745652600.0,,,0,On Time,2,S
,SSQ,,SSQ2003,2003,TMW,YSTW,,,2025-04-26 10:25,2025-04-26 00:25,2025-04-26 17:30,2025-04-26 07:30,,,SYD,YSSY,3,1C,QFR,2025-04-26 11:30,2025-04-26 01:30,2025-04-26 18:35,2025-04-26 08:35,,,,,,scheduled,65,425,425.0,425.0,,1745631000,1745627100,1745656500.0,1745652600.0,,,0,On Time,Unknown,3
NZ,ANZ,NZ288,ANZ288,288,PVG,ZSPD,2,,2025-04-26 14:15,2025-04-26 06:15,2025-04-26 15:30,2025-04-26 07:30,,,AKL,NZAA,I,2,ITB3,2025-04-27 05:40,2025-04-26 17:40,2025-04-27 06:55,2025-04-26 18:55,,,,,,scheduled,685,75,75.0,75.0,,1745689200,1745648100,1745693700.0,1745652600.0,,,0,On Time,2,I
UA,UAL,UA1007,UAL1007,1007,SFO,KSFO,3,E3,2025-04-25 22:45,2025-04-26 05:45,2025-04-26 00:31,2025-04-26 07:31,,,SEA,KSEA,,A10,9,2025-04-26 01:08,2025-04-26 08:08,2025-04-26 02:43,2025-04-26 09:43,,,,,,scheduled,143,95,106.0,95.0,,1745654880,1745646300,1745660580.0,1745652660.0,,,0,On Time,3,Unknown
NZ,ANZ,NZ9401,ANZ9401,9401,SFO,KSFO,3,E3,2025-04-25 22:45,2025-04-26 05:45,2025-04-26 00:31,2025-04-26 07:31,,,SEA,KSEA,,A10,9,2025-04-26 01:08,2025-04-26 08:08,2025-04-26 02:43,2025-04-26 09:43,,,UA,1007,UA1007,scheduled,143,95,106.0,95.0,,1745654880,1745646300,1745660580.0,1745652660.0,,,0,On Time,3,Unknown
CM,CMP,CM2320,CMP2320,2320,SFO,KSFO,3,E3,2025-04-25 22:45,2025-04-26 05:45,2025-04-26 00:31,2025-04-26 07:31,,,SEA,KSEA,,A10,9,2025-04-26 01:08,2025-04-26 08:08,2025-04-26 02:43,2025-04-26 09:43,,,UA,1007,UA1007,scheduled,143,95,106.0,95.0,,1745654880,1745646300,1745660580.0,1745652660.0,,,0,On Time,3,Unknown
VA,VOZ,VA8287,VOZ8287,8287,SFO,KSFO,3,E3,2025-04-25 22:45,2025-04-26 05:45,2025-04-26 00:31,2025-04-26 07:31,,,SEA,KSEA,,A10,9,2025-04-26 01:08,2025-04-26 08:08,2025-04-26 02:43,2025-04-26 09:43,,,UA,1007,UA1007,scheduled,143,95,106.0,95.0,,1745654880,1745646300,1745660580.0,1745652660.0,,,0,On Time,3,Unknown
MU,CES,MU8361,CES8361,8361,PVG,ZSPD,1,,2025-04-26 14:25,2025-04-26 06:25,2025-04-26 15:35,2025-04-26 07:35,,,LHW,ZLLL,T3,,2,2025-04-26 17:50,2025-04-26 09:50,2025-04-26 18:53,2025-04-26 10:53,,,FM,9211,FM9211,scheduled,205,70,70.0,63.0,,1745661000,1745648700,1745664780.0,1745652900.0,,,0,On Time,1,T3
AI,AIC,AI9693,AIC9693,9693,DEL,VIDP,T3,37A,2025-04-26 11:30,2025-04-26 06:00,2025-04-26 13:05,2025-04-26 07:35,,,IXR,VERC,,,,2025-04-26 13:25,2025-04-26 07:55,,,,,IX,1102,IX1102,scheduled,115,95,95.0,,,1745654100,1745647200,,1745652900.0,,,0,On Time,T3,Unknown
FM,CSH,FM9211,CSH9211,9211,PVG,ZSPD,1,,2025-04-26 14:25,2025-04-26 06:25,2025-04-26 15:35,2025-04-26 07:35,,,LHW,ZLLL,T3,,2,2025-04-26 17:50,2025-04-26 09:50,2025-04-26 18:53,2025-04-26 10:53,,,,,,scheduled,205,70,70.0,63.0,,1745661000,1745648700,1745664780.0,1745652900.0,,,0,On Time,1,T3
IX,AXB,IX1102,AXB1102,1102,DEL,VIDP,T3,37A,2025-04-26 11:30,2025-04-26 06:00,2025-04-26 13:05,2025-04-26 07:35,,,IXR,VERC,,,,2025-04-26 13:25,2025-04-26 07:55,,,,,,,,scheduled,115,95,95.0,,,1745654100,1745647200,,1745652900.0,,,0,On Time,T3,Unknown
SC,CDG,SC5705,CDG5705,5705,PEK,ZBAA,3,,2025-04-26 13:55,2025-04-26 05:55,2025-04-26 15:36,2025-04-26 07:36,,,ZUH,ZGSD,,,1,2025-04-26 17:30,2025-04-26 09:30,2025-04-26 18:44,2025-04-26 10:44,,,,1323,,scheduled,215,74,101.0,74.0,,1745659800,1745646900,1745664240.0,1745652960.0,,,0,On Time,3,Unknown
CA,CCA,CA1323,CCA1323,1323,PEK,ZBAA,3,,2025-04-26 13:55,2025-04-26 05:55,2025-04-26 15:36,2025-04-26 07:36,,,ZUH,ZGSD,,,1,2025-04-26 17:30,2025-04-26 09:30,2025-04-26 18:44,2025-04-26 10:44,,,,1323,,scheduled,215,74,101.0,74.0,,1745659800,1745646900,1745664240.0,1745652960.0,,,0,On Time,3,Unknown
,CNM,,CNM1323,1323,PEK,ZBAA,3,,2025-04-26 13:55,2025-04-26 05:55,2025-04-26 15:36,2025-04-26 07:36,,,ZUH,ZGSD,,,1,2025-04-26 17:30,2025-04-26 09:30,2025-04-26 18:44,2025-04-26 10:44,,,,,,scheduled,215,74,101.0,74.0,,1745659800,1745646900,1745664240.0,1745652960.0,,,0,On Time,3,Unknown
GJ,CDC,GJ3887,CDC3887,3887,SHA,ZSSS,1,,2025-04-26 13:55,2025-04-26 05:55,2025-04-26 15:40,2025-04-26 07:40,,,SZX,ZGSZ,T3,,,2025-04-26 16:20,2025-04-26 08:20,2025-04-26 17:44,2025-04-26 09:44,,,MF,8377,MF8377,scheduled,145,84,105.0,84.0,,1745655600,1745646900,1745660640.0,1745653200.0,,,0,On Time,1,T3
TU,TAR,TU750,TAR750,750,TUN,DTTA,M,,2025-04-26 06:30,2025-04-26 05:30,2025-04-26 08:40,2025-04-26 07:40,,,LYS,LFLL,1,,,2025-04-26 09:20,2025-04-26 07:20,2025-04-26 11:30,2025-04-26 09:30,,,,,,scheduled,110,130,130.0,130.0,,1745652000,1745645400,1745659800.0,1745653200.0,,,0,On Time,M,1
DL,DAL,DL2075,DAL2075,2075,SLC,KSLC,,A37,2025-04-25 23:47,2025-04-26 05:47,2025-04-26 01:40,2025-04-26 07:40,,,PHL,KPHL,D,D16,5,2025-04-26 05:50,2025-04-26 09:50,2025-04-26 07:27,2025-04-26 11:27,,,,,,scheduled,243,97,113.0,97.0,,1745661000,1745646420,1745666820.0,1745653200.0,,,0,On Time,Unknown,D
VS,VIR,VS1663,VIR1663,1663,SLC,KSLC,,A37,2025-04-25 23:47,2025-04-26 05:47,2025-04-26 01:40,2025-04-26 07:40,,,PHL,KPHL,D,D16,5,2025-04-26 05:50,2025-04-26 09:50,2025-04-26 07:27,2025-04-26 11:27,,,DL,2075,DL2075,scheduled,243,97,113.0,97.0,,1745661000,1745646420,1745666820.0,1745653200.0,,,0,On Time,Unknown,D
3U,CSC,3U2489,CSC2489,2489,SHA,ZSSS,1,,2025-04-26 13:55,2025-04-26 05:55,2025-04-26 15:40,2025-04-26 07:40,,,SZX,ZGSZ,T3,,,2025-04-26 16:20,2025-04-26 08:20,2025-04-26 17:44,2025-04-26 09:44,,,MF,8377,MF8377,scheduled,145,84,105.0,84.0,,1745655600,1745646900,1745660640.0,1745653200.0,,,0,On Time,1,T3
KL,KLM,KL6538,KLM6538,6538,SLC,KSLC,,A37,2025-04-25 23:47,2025-04-26 05:47,2025-04-26 01:40,2025-04-26 07:40,,,PHL,KPHL,D,D16,5,2025-04-26 05:50,2025-04-26 09:50,2025-04-26 07:27,2025-04-26 11:27,,,DL,2075,DL2075,scheduled,243,97,113.0,97.0,,1745661000,1745646420,1745666820.0,1745653200.0,,,0,On Time,Unknown,D
MU,CES,MU4760,CES4760,4760,SHA,ZSSS,1,,2025-04-26 13:55,2025-04-26 05:55,2025-04-26 15:40,2025-04-26 07:40,,,SZX,ZGSZ,T3,,,2025-04-26 16:20,2025-04-26 08:20,2025-04-26 17:44,2025-04-26 09:44,,,MF,8377,MF8377,scheduled,145,84,105.0,84.0,,1745655600,1745646900,1745660640.0,1745653200.0,,,0,On Time,1,T3
NS,HBH,NS8377,HBH8377,8377,SHA,ZSSS,1,,2025-04-26 13:55,2025-04-26 05:55,2025-04-26 15:40,2025-04-26 07:40,,,SZX,ZGSZ,T3,,,2025-04-26 16:20,2025-04-26 08:20,2025-04-26 17:44,2025-04-26 09:44,,,MF,8377,MF8377,scheduled,145,84,105.0,84.0,,1745655600,1745646900,1745660640.0,1745653200.0,,,0,On Time,1,T3
AF,AFR,AF2997,AFR2997,2997,SLC,KSLC,,A37,2025-04-25 23:47,2025-04-26 05:47,2025-04-26 01:40,2025-04-26 07:40,,,PHL,KPHL,D,D16,5,2025-04-26 05:50,2025-04-26 09:50,2025-04-26 07:27,2025-04-26 11:27,,,DL,2075,DL2075,scheduled,243,97,113.0,97.0,,1745661000,1745646420,1745666820.0,1745653200.0,,,0,On Time,Unknown,D
AM,AMX,AM3668,AMX3668,3668,SLC,KSLC,,A37,2025-04-25 23:47,2025-04-26 05:47,2025-04-26 01:40,2025-04-26 07:40,,,PHL,KPHL,D,D16,5,2025-04-26 05:50,2025-04-26 09:50,2025-04-26 07:27,2025-04-26 11:27,,,DL,2075,DL2075,scheduled,243,97,113.0,97.0,,1745661000,1745646420,1745666820.0,1745653200.0,,,0,On Time,Unknown,D
WS,WJA,WS7467,WJA7467,7467,SLC,KSLC,,A37,2025-04-25 23:47,2025-04-26 05:47,2025-04-26 01:40,2025-04-26 07:40,,,PHL,KPHL,D,D16,5,2025-04-26 05:50,2025-04-26 09:50,2025-04-26 07:27,2025-04-26 11:27,,,DL,2075,DL2075,scheduled,243,97,113.0,97.0,,1745661000,1745646420,1745666820.0,1745653200.0,,,0,On Time,Unknown,D
MF,CXA,MF8377,CXA8377,8377,SHA,ZSSS,1,,2025-04-26 13:55,2025-04-26 05:55,2025-04-26 15:40,2025-04-26 07:40,,,SZX,ZGSZ,T3,,,2025-04-26 16:20,2025-04-26 08:20,2025-04-26 17:44,2025-04-26 09:44,,,,,,scheduled,145,84,105.0,84.0,,1745655600,1745646900,1745660640.0,1745653200.0,,,0,On Time,1,T3
AD,AZU,AD4478,AZU4478,4478,SLZ,SBSL,,,2025-04-26 01:20,2025-04-26 04:20,2025-04-26 04:43,2025-04-26 07:43,,,IMP,SBIZ,,,,2025-04-26 02:25,2025-04-26 05:25,,,,,,,,scheduled,65,203,203.0,,,1745645100,1745641200,,1745653380.0,,,0,On Time,Unknown,Unknown
TB,JAF,TB1012,JAF1012,1012,AGP,LEMG,,,2025-04-26 09:45,2025-04-26 07:45,,,,,BRU,EBBR,,,,2025-04-26 12:55,2025-04-26 10:55,2025-04-26 14:20,2025-04-26 12:20,,,,,,scheduled,190,85,,85.0,,1745664900,1745653500,1745670000.0,,,,0,On Time,Unknown,Unknown
3U,CSC,3U2512,CSC2512,2512,TFU,ZUTF,T2,,2025-04-26 11:55,2025-04-26 03:55,2025-04-26 15:47,2025-04-26 07:47,,,XMN,ZSAM,3,,,2025-04-26 14:25,2025-04-26 06:25,2025-04-26 18:04,2025-04-26 10:04,,,MF,8402,MF8402,scheduled,150,219,232.0,219.0,,1745648700,1745639700,1745661840.0,1745653620.0,,,0,On Time,T2,3
GJ,CDC,GJ3904,CDC3904,3904,TFU,ZUTF,T2,,2025-04-26 11:55,2025-04-26 03:55,2025-04-26 15:47,2025-04-26 07:47,,,XMN,ZSAM,3,,,2025-04-26 14:25,2025-04-26 06:25,2025-04-26 18:04,2025-04-26 10:04,,,MF,8402,MF8402,scheduled,150,219,232.0,219.0,,1745648700,1745639700,1745661840.0,1745653620.0,,,0,On Time,T2,3
MU,CES,MU4777,CES4777,4777,TFU,ZUTF,T2,,2025-04-26 11:55,2025-04-26 03:55,2025-04-26 15:47,2025-04-26 07:47,,,XMN,ZSAM,3,,,2025-04-26 14:25,2025-04-26 06:25,2025-04-26 18:04,2025-04-26 10:04,,,MF,8402,MF8402,scheduled,150,219,232.0,219.0,,1745648700,1745639700,1745661840.0,1745653620.0,,,0,On Time,T2,3
NS,HBH,NS8402,HBH8402,8402,TFU,ZUTF,T2,,2025-04-26 11:55,2025-04-26 03:55,2025-04-26 15:47,2025-04-26 07:47,,,XMN,ZSAM,3,,,2025-04-26 14:25,2025-04-26 06:25,2025-04-26 18:04,2025-04-26 10:04,,,MF,8402,MF8402,scheduled,150,219,232.0,219.0,,1745648700,1745639700,1745661840.0,1745653620.0,,,0,On Time,T2,3
HU,CHH,HU7395,CHH7395,7395,SZX,ZGSZ,T3,338,2025-04-26 14:20,2025-04-26 06:20,2025-04-26 15:47,2025-04-26 07:47,,,HGH,ZSHC,3,,B06,2025-04-26 16:25,2025-04-26 08:25,2025-04-26 17:25,2025-04-26 09:25,,,,,,scheduled,125,87,87.0,60.0,,1745655900,1745648400,1745659500.0,1745653620.0,,,0,On Time,T3,3
MF,CXA,MF8402,CXA8402,8402,TFU,ZUTF,T2,,2025-04-26 11:55,2025-04-26 03:55,2025-04-26 15:47,2025-04-26 07:47,,,XMN,ZSAM,3,,,2025-04-26 14:25,2025-04-26 06:25,2025-04-26 18:04,2025-04-26 10:04,,,,,,scheduled,150,219,232.0,219.0,,1745648700,1745639700,1745661840.0,1745653620.0,,,0,On Time,T2,3
MU,CES,MU9070,CES9070,9070,ZHA,ZGZJ,,,2025-04-26 14:35,2025-04-26 06:35,2025-04-26 15:49,2025-04-26 07:49,,,SWA,ZGOW,,,,2025-04-26 16:00,2025-04-26 08:00,2025-04-26 16:52,2025-04-26 08:52,,,,,,scheduled,85,74,74.0,52.0,,1745654400,1745649300,1745657520.0,1745653740.0,,,0,On Time,Unknown,Unknown
F9,FFT,F91448,FFT1448,1448,SFO,KSFO,INTL,A5,2025-04-25 23:38,2025-04-26 06:38,2025-04-26 00:49,2025-04-26 07:49,,,ATL,KATL,,E5,6,2025-04-26 07:34,2025-04-26 11:34,2025-04-26 08:16,2025-04-26 12:16,,,,,,scheduled,296,71,71.0,42.0,,1745667240,1745649480,1745669760.0,1745653740.0,,,0,On Time,INTL,Unknown
B2,BRU,B2976,BRU976,976,SVO,UUEE,C,144,2025-04-26 09:50,2025-04-26 06:50,2025-04-26 10:50,2025-04-26 07:50,,,MSQ,UMMS,,,C5,2025-04-26 11:15,2025-04-26 08:15,,,,,,,,scheduled,85,60,60.0,,,1745655300,1745650200,,1745653800.0,,,0,On Time,C,Unknown
OD,MXD,OD1650,MXD1650,1650,KUL,WMKK,,,2025-04-26 14:45,2025-04-26 06:45,2025-04-26 15:50,2025-04-26 07:50,,,MYY,WBGR,,,,2025-04-26 17:10,2025-04-26 09:10,,,,,,,,scheduled,145,65,65.0,,,1745658600,1745649900,,1745653800.0,,,0,On Time,Unknown,Unknown
AC,ACA,AC4067,ACA4067,4067,SFO,KSFO,3,F17,2025-04-25 22:52,2025-04-26 05:52,2025-04-26 00:51,2025-04-26 07:51,,,YYZ,CYYZ,1,,,2025-04-26 07:00,2025-04-26 11:00,2025-04-26 08:10,2025-04-26 12:10,,,UA,436,UA436,scheduled,308,70,119.0,70.0,,1745665200,1745646720,1745669400.0,1745653860.0,,,0,On Time,3,1
UA,UAL,UA436,UAL436,436,SFO,KSFO,3,F17,2025-04-25 22:52,2025-04-26 05:52,2025-04-26 00:51,2025-04-26 07:51,,,YYZ,CYYZ,1,,,2025-04-26 07:00,2025-04-26 11:00,2025-04-26 08:10,2025-04-26 12:10,,,,,,scheduled,308,70,119.0,70.0,,1745665200,1745646720,1745669400.0,1745653860.0,,,0,On Time,3,1
GY,CGZ,GY7114,CGZ7114,7114,HYN,ZSLQ,,,2025-04-26 14:15,2025-04-26 06:15,2025-04-26 15:51,2025-04-26 07:51,,,KWE,ZUGY,T2,,,2025-04-26 16:55,2025-04-26 08:55,2025-04-26 18:16,2025-04-26 10:16,,,,,,scheduled,160,96,96.0,81.0,,1745657700,1745648100,1745662560.0,1745653860.0,,,0,On Time,Unknown,T2
TV,TBA,TV9901,TBA9901,9901,CTU,ZUUU,T2,,2025-04-26 14:10,2025-04-26 06:10,2025-04-26 15:51,2025-04-26 07:51,,,SZX,ZGSZ,T3,,,2025-04-26 16:35,2025-04-26 08:35,2025-04-26 17:51,2025-04-26 09:51,,,,,,scheduled,145,101,101.0,76.0,,1745656500,1745647800,1745661060.0,1745653860.0,,,0,On Time,T2,T3
SV,SVA,SV735,SVA735,735,LHE,OPLA,M,,2025-04-26 10:45,2025-04-26 05:45,2025-04-26 12:55,2025-04-26 07:55,,,JED,OEJN,1,,,2025-04-26 13:55,2025-04-26 10:55,2025-04-26 16:04,2025-04-26 13:04,,,,,,scheduled,310,129,130.0,129.0,,1745664900,1745646300,1745672640.0,1745654100.0,,,0,On Time,M,1
AZ,ITY,AZ5435,ITY5435,5435,LHE,OPLA,M,,2025-04-26 10:45,2025-04-26 05:45,2025-04-26 12:55,2025-04-26 07:55,,,JED,OEJN,1,,,2025-04-26 13:55,2025-04-26 10:55,2025-04-26 16:04,2025-04-26 13:04,,,SV,735,SV735,scheduled,310,129,130.0,129.0,,1745664900,1745646300,1745672640.0,1745654100.0,,,0,On Time,M,1
AI,AIC,AI9059,AIC9059,9059,CCJ,VOCL,,,2025-04-26 09:10,2025-04-26 03:40,2025-04-26 13:30,2025-04-26 08:00,,,BAH,OBBI,,12A,,2025-04-26 11:20,2025-04-26 08:20,2025-04-26 15:33,2025-04-26 12:33,,,IX,473,IX473,scheduled,280,260,260.0,253.0,,1745655600,1745638800,1745670780.0,1745654400.0,,,0,On Time,Unknown,Unknown
W6,WZZ,W61761,WZZ1761,1761,GDN,EPGD,,,2025-04-26 07:10,2025-04-26 05:10,2025-04-26 10:00,2025-04-26 08:00,,,TRD,ENVA,,,4,2025-04-26 09:05,2025-04-26 07:05,2025-04-26 11:52,2025-04-26 09:52,,,,,,scheduled,115,167,170.0,167.0,,1745651100,1745644200,1745661120.0,1745654400.0,,,0,On Time,Unknown,Unknown
JQ,JST,JQ610,JST610,610,AVV,YMAV,,2,2025-04-26 16:40,2025-04-26 06:40,2025-04-26 18:00,2025-04-26 08:00,,,SYD,YSSY,2,A59,D5,2025-04-26 18:05,2025-04-26 08:05,2025-04-26 19:25,2025-04-26 09:25,,,,,,scheduled,85,80,80.0,80.0,,1745654700,1745649600,1745659500.0,1745654400.0,,,0,On Time,Unknown,2
AY,FIN,AY1944,FIN1944,1944,AYT,LTAI,2,,2025-04-26 03:30,2025-04-26 00:30,2025-04-26 11:00,2025-04-26 08:00,,,HEL,EFHK,,,,2025-04-26 07:40,2025-04-26 04:40,2025-04-26 15:04,2025-04-26 12:04,,,,,,scheduled,250,444,450.0,444.0,,1745642400,1745627400,1745669040.0,1745654400.0,,,0,On Time,2,Unknown
IX,AXB,IX473,AXB473,473,CCJ,VOCL,,,2025-04-26 09:10,2025-04-26 03:40,2025-04-26 13:30,2025-04-26 08:00,,,BAH,OBBI,,12A,,2025-04-26 11:20,2025-04-26 08:20,2025-04-26 15:33,2025-04-26 12:33,,,,,,scheduled,280,260,260.0,253.0,,1745655600,1745638800,1745670780.0,1745654400.0,,,0,On Time,Unknown,Unknown
QF,QFA,QF5610,QFA5610,5610,AVV,YMAV,,2,2025-04-26 16:40,2025-04-26 06:40,2025-04-26 18:00,2025-04-26 08:00,,,SYD,YSSY,2,A59,D5,2025-04-26 18:05,2025-04-26 08:05,2025-04-26 19:25,2025-04-26 09:25,,,JQ,610,JQ610,scheduled,85,80,80.0,80.0,,1745654700,1745649600,1745659500.0,1745654400.0,,,0,On Time,Unknown,2
PK,PIA,PK602,PIA602,602,GIL,OPGT,,,2025-04-26 09:05,2025-04-26 04:05,2025-04-26 13:00,2025-04-26 08:00,,,ISB,OPIS,,,,2025-04-26 10:20,2025-04-26 05:20,2025-04-26 14:00,2025-04-26 09:00,,,,,,scheduled,75,220,235.0,220.0,,1745644800,1745640300,1745658000.0,1745654400.0,,,0,On Time,Unknown,Unknown
,NTH,,NTH2864,2864,KUH,RJCK,,B,2025-04-26 15:25,2025-04-26 06:25,2025-04-26 17:00,2025-04-26 08:00,,,OKD,RJCO,,,,2025-04-26 16:15,2025-04-26 07:15,2025-04-26 17:45,2025-04-26 08:45,,,,,,scheduled,50,90,95.0,90.0,,1745651700,1745648700,1745657100.0,1745654400.0,,,0,On Time,Unknown,Unknown
TK,THY,TK8273,THY8273,8273,AYT,LTAI,2,,2025-04-26 03:30,2025-04-26 00:30,2025-04-26 11:00,2025-04-26 08:00,,,HEL,EFHK,,,,2025-04-26 07:40,2025-04-26 04:40,2025-04-26 15:04,2025-04-26 12:04,,,AY,1944,AY1944,scheduled,250,444,450.0,444.0,,1745642400,1745627400,1745669040.0,1745654400.0,,,0,On Time,2,Unknown
JL,JAL,JL2864,JAL2864,2864,KUH,RJCK,,B,2025-04-26 15:25,2025-04-26 06:25,2025-04-26 17:00,2025-04-26 08:00,,,OKD,RJCO,,,,2025-04-26 16:15,2025-04-26 07:15,2025-04-26 17:45,2025-04-26 08:45,,,,2864,,scheduled,50,90,95.0,90.0,,1745651700,1745648700,1745657100.0,1745654400.0,,,0,On Time,Unknown,Unknown
6E,IGO,6E5052,IGO5052,5052,GOP,VEGK,,,2025-04-26 10:10,2025-04-26 04:40,2025-04-26 13:30,2025-04-26 08:00,,,DEL,VIDP,3,,7,2025-04-26 11:40,2025-04-26 06:10,2025-04-26 15:00,2025-04-26 09:30,,,,,,scheduled,90,200,200.0,200.0,,1745647800,1745642400,1745659800.0,1745654400.0,,,0,On Time,Unknown,3
EK,UAE,EK7581,UAE7581,7581,AVV,YMAV,,2,2025-04-26 16:40,2025-04-26 06:40,2025-04-26 18:00,2025-04-26 08:00,,,SYD,YSSY,2,A59,D5,2025-04-26 18:05,2025-04-26 08:05,2025-04-26 19:25,2025-04-26 09:25,,,JQ,610,JQ610,scheduled,85,80,80.0,80.0,,1745654700,1745649600,1745659500.0,1745654400.0,,,0,On Time,Unknown,2
HU,CHH,HU7658,CHH7658,7658,YYA,ZGYY,,,2025-04-26 10:10,2025-04-26 02:10,2025-04-26 16:00,2025-04-26 08:00,,,PEK,ZBAA,2,,,2025-04-26 12:30,2025-04-26 04:30,2025-04-26 18:20,2025-04-26 10:20,,,,,,scheduled,140,350,350.0,350.0,,1745641800,1745633400,1745662800.0,1745654400.0,,,0,On Time,Unknown,2
PC,PGT,PC2771,PGT2771,2771,RZV,LTFO,,,2025-04-26 09:15,2025-04-26 06:15,2025-04-26 11:00,2025-04-26 08:00,,,SAW,LTFJ,,,,2025-04-26 11:15,2025-04-26 08:15,2025-04-26 13:00,2025-04-26 10:00,,,,,,scheduled,120,105,105.0,105.0,,1745655300,1745648100,1745661600.0,1745654400.0,,,0,On Time,Unknown,Unknown
9C,CQH,9C6669,CQH6669,6669,LHW,ZLLL,T3,,2025-04-26 14:30,2025-04-26 06:30,2025-04-26 16:01,2025-04-26 08:01,,,YIN,ZWYN,,,,2025-04-26 18:00,2025-04-26 10:00,2025-04-26 19:18,2025-04-26 11:18,,,,,,scheduled,210,78,91.0,78.0,,1745661600,1745649000,1745666280.0,1745654460.0,,,0,On Time,T3,Unknown
SC,CDG,SC9573,CDG9573,9573,SZX,ZGSZ,T3,510B,2025-04-26 13:00,2025-04-26 05:00,2025-04-26 16:05,2025-04-26 08:05,,,INC,ZLIC,T3,,,2025-04-26 16:20,2025-04-26 08:20,2025-04-26 19:01,2025-04-26 11:01,,,ZH,9233,ZH9233,scheduled,200,161,185.0,161.0,,1745655600,1745643600,1745665260.0,1745654700.0,,,0,On Time,T3,T3
CA,CCA,CA3495,CCA3495,3495,SZX,ZGSZ,T3,510B,2025-04-26 13:00,2025-04-26 05:00,2025-04-26 16:05,2025-04-26 08:05,,,INC,ZLIC,T3,,,2025-04-26 16:20,2025-04-26 08:20,2025-04-26 19:01,2025-04-26 11:01,,,ZH,9233,ZH9233,scheduled,200,161,185.0,161.0,,1745655600,1745643600,1745665260.0,1745654700.0,,,0,On Time,T3,T3
TG,THA,TG407,THA407,407,BKK,VTBS,,C1,2025-04-26 13:50,2025-04-26 06:50,2025-04-26 15:05,2025-04-26 08:05,,,SIN,WSSS,2,E28,,2025-04-26 17:05,2025-04-26 09:05,2025-04-26 18:26,2025-04-26 10:26,,,,,,scheduled,135,81,75.0,81.0,,1745658300,1745650200,1745663160.0,1745654700.0,,,0,On Time,Unknown,2
ZH,CSZ,ZH9233,CSZ9233,9233,SZX,ZGSZ,T3,510B,2025-04-26 13:00,2025-04-26 05:00,2025-04-26 16:05,2025-04-26 08:05,,,INC,ZLIC,T3,,,2025-04-26 16:20,2025-04-26 08:20,2025-04-26 19:01,2025-04-26 11:01,,,,,,scheduled,200,161,185.0,161.0,,1745655600,1745643600,1745665260.0,1745654700.0,,,0,On Time,T3,T3
